Ward number,Ward Name,Number of Connectionss,Consumption in ML,Month,Number of Connections,Month_Number,Previous_Consumption
56,A. Narayanapura,8391.0,230.23,2025-04-01,8423.0,4,
56,A. Narayanapura,8394.0,227.52469,2025-05-01,8423.0,5,230.23
56,A. Narayanapura,8396.0,228.107695,2025-06-01,8423.0,6,227.52469
56,A. Narayanapura,,233.72,2025-07-01,8410.0,7,228.107695
56,A. Narayanapura,,225.82,2025-08-01,8410.0,8,233.72
56,A. Narayanapura,,225.67,2025-09-01,8419.0,9,225.82
56,A. Narayanapura,,220.61,2025-10-01,8427.0,10,225.67
56,A. Narayanapura,,225.08,2025-11-01,8429.0,11,220.61
56,A. Narayanapura,,222.25,2025-12-01,8431.0,12,225.08
147,Adugodi,3402.0,109.28,2025-04-01,3422.0,4,
147,Adugodi,3410.0,111.336782,2025-05-01,3422.0,5,109.28
147,Adugodi,3410.0,108.204782,2025-06-01,3422.0,6,111.336782
147,Adugodi,,103.83,2025-07-01,3410.0,7,108.204782
147,Adugodi,,106.88,2025-08-01,3420.0,8,103.83
147,Adugodi,,107.64,2025-09-01,3421.0,9,106.88
147,Adugodi,,106.07,2025-10-01,3423.0,10,107.64
147,Adugodi,,109.23,2025-11-01,3425.0,11,106.07
147,Adugodi,,113.67,2025-12-01,3426.0,12,109.23
114,Agaram,2927.0,152.89,2025-04-01,2927.0,4,
114,Agaram,2928.0,152.394739,2025-05-01,2927.0,5,152.89
114,Agaram,2928.0,157.703739,2025-06-01,2927.0,6,152.394739
114,Agaram,,150.51,2025-07-01,2927.0,7,157.703739
114,Agaram,,152.58,2025-08-01,2926.0,8,150.51
114,Agaram,,145.99,2025-09-01,2927.0,9,152.58
114,Agaram,,147.79,2025-10-01,2927.0,10,145.99
114,Agaram,,142.84,2025-11-01,2926.0,11,147.79
114,Agaram,,154.66,2025-12-01,2928.0,12,142.84
105,Agrahara Dasarahalli,3205.0,106.43,2025-04-01,3213.0,4,
105,Agrahara Dasarahalli,3208.0,94.969715,2025-05-01,3213.0,5,106.43
105,Agrahara Dasarahalli,3209.0,93.150714,2025-06-01,3213.0,6,94.969715
105,Agrahara Dasarahalli,,96.27,2025-07-01,3210.0,7,93.150714
105,Agrahara Dasarahalli,,90.9,2025-08-01,3212.0,8,96.27
105,Agrahara Dasarahalli,,103.89,2025-09-01,3213.0,9,90.9
105,Agrahara Dasarahalli,,93.22,2025-10-01,3213.0,10,103.89
105,Agrahara Dasarahalli,,95.53,2025-11-01,3214.0,11,93.22
105,Agrahara Dasarahalli,,89.66,2025-12-01,3214.0,12,95.53
196,Anjanapura,7294.0,278.96,2025-04-01,9116.5,4,
196,Anjanapura,7529.0,277.485835,2025-05-01,9116.5,5,278.96
196,Anjanapura,7857.0,285.093835,2025-06-01,9116.5,6,277.485835
196,Anjanapura,,285.75,2025-07-01,8284.0,7,285.093835
196,Anjanapura,,305.91,2025-08-01,8579.0,8,285.75
196,Anjanapura,,303.81,2025-09-01,8937.0,9,305.91
196,Anjanapura,,319.58,2025-10-01,9296.0,10,303.81
196,Anjanapura,,314.53,2025-11-01,9395.0,11,319.58
196,Anjanapura,,329.99,2025-12-01,9623.0,12,314.53
193,Arakere,9960.0,365.94,2025-04-01,10054.0,4,
193,Arakere,9985.0,367.116503,2025-05-01,10054.0,5,365.94
193,Arakere,9995.0,362.9845,2025-06-01,10054.0,6,367.116503
193,Arakere,,371.81,2025-07-01,10029.0,7,362.9845
193,Arakere,,378.3,2025-08-01,10044.0,8,371.81
193,Arakere,,362.33,2025-09-01,10052.0,9,378.3
193,Arakere,,354.34,2025-10-01,10056.0,10,362.33
193,Arakere,,345.07,2025-11-01,10080.0,11,354.34
193,Arakere,,339.73,2025-12-01,10083.0,12,345.07
35,Aramane Nagar,2945.0,81.55,2025-04-01,2968.0,4,
35,Aramane Nagar,2949.0,78.241563,2025-05-01,2968.0,5,81.55
35,Aramane Nagar,2953.0,79.791557,2025-06-01,2968.0,6,78.241563
35,Aramane Nagar,,81.92,2025-07-01,2959.0,7,79.791557
35,Aramane Nagar,,82.07,2025-08-01,2967.0,8,81.92
35,Aramane Nagar,,78.35,2025-09-01,2968.0,9,82.07
35,Aramane Nagar,,79.67,2025-10-01,2968.0,10,78.35
35,Aramane Nagar,,77.79,2025-11-01,2971.0,11,79.67
35,Aramane Nagar,,76.83,2025-12-01,2971.0,12,77.79
132,Attiguppe,5466.0,185.87,2025-04-01,5488.0,4,
132,Attiguppe,5472.0,176.13573,2025-05-01,5488.0,5,185.87
132,Attiguppe,5472.0,173.85573,2025-06-01,5488.0,6,176.13573
132,Attiguppe,,171.64,2025-07-01,5479.0,7,173.85573
132,Attiguppe,,160.78,2025-08-01,5484.0,8,171.64
132,Attiguppe,,156.65,2025-09-01,5487.0,9,160.78
132,Attiguppe,,164.24,2025-10-01,5489.0,10,156.65
132,Attiguppe,,156.6,2025-11-01,5489.0,11,164.24
132,Attiguppe,,154.86,2025-12-01,5491.0,12,156.6
3,Attur,5911.0,187.01,2025-04-01,6428.5,4,
3,Attur,6021.0,172.740708,2025-05-01,6428.5,5,187.01
3,Attur,6109.0,170.257709,2025-06-01,6428.5,6,172.740708
3,Attur,,180.05,2025-07-01,6231.0,7,170.257709
3,Attur,,173.1,2025-08-01,6278.0,8,180.05
3,Attur,,169.5,2025-09-01,6362.0,9,173.1
3,Attur,,170.31,2025-10-01,6495.0,10,169.5
3,Attur,,175.54,2025-11-01,6510.0,11,170.31
3,Attur,,170.05,2025-12-01,6610.0,12,175.54
141,Azadnagar,4019.0,110.04,2025-04-01,4027.5,4,
141,Azadnagar,4020.0,106.224727,2025-05-01,4027.5,5,110.04
141,Azadnagar,4026.0,109.803729,2025-06-01,4027.5,6,106.224727
141,Azadnagar,,107.78,2025-07-01,4024.0,7,109.803729
141,Azadnagar,,104.14,2025-08-01,4025.0,8,107.78
141,Azadnagar,,107.64,2025-09-01,4029.0,9,104.14
141,Azadnagar,,107.11,2025-10-01,4026.0,10,107.64
141,Azadnagar,,105.31,2025-11-01,4030.0,11,107.11
141,Azadnagar,,105.12,2025-12-01,4032.0,12,105.31
176,BTM Layout,7534.0,262.96,2025-04-01,7563.5,4,
176,BTM Layout,7547.0,256.100431,2025-05-01,7563.5,5,262.96
176,BTM Layout,7549.0,258.409435,2025-06-01,7563.5,6,256.100431
176,BTM Layout,,259.0,2025-07-01,7555.0,7,258.409435
176,BTM Layout,,259.07,2025-08-01,7557.0,8,259.0
176,BTM Layout,,255.74,2025-09-01,7561.0,9,259.07
176,BTM Layout,,250.84,2025-10-01,7566.0,10,255.74
176,BTM Layout,,265.46,2025-11-01,7571.0,11,250.84
176,BTM Layout,,257.9,2025-12-01,7578.0,12,265.46
14,Bagalagunte,8716.0,234.67,2025-04-01,8794.0,4,
14,Bagalagunte,8755.0,235.373706,2025-05-01,8794.0,5,234.67
14,Bagalagunte,8761.0,232.996703,2025-06-01,8794.0,6,235.373706
14,Bagalagunte,,226.23,2025-07-01,8777.0,7,232.996703
14,Bagalagunte,,225.54,2025-08-01,8785.0,8,226.23
14,Bagalagunte,,213.01,2025-09-01,8793.0,9,225.54
14,Bagalagunte,,226.05,2025-10-01,8795.0,10,213.01
14,Bagalagunte,,214.97,2025-11-01,8808.0,11,226.05
14,Bagalagunte,,208.79,2025-12-01,8814.0,12,214.97
27,Banasawadi,9565.0,292.73,2025-04-01,9647.5,4,
27,Banasawadi,9588.0,290.771626,2025-05-01,9647.5,5,292.73
27,Banasawadi,9609.0,288.539625,2025-06-01,9647.5,6,290.771626
27,Banasawadi,,277.87,2025-07-01,9610.0,7,288.539625
27,Banasawadi,,277.0,2025-08-01,9624.0,8,277.87
27,Banasawadi,,277.19,2025-09-01,9645.0,9,277.0
27,Banasawadi,,281.04,2025-10-01,9650.0,10,277.19
27,Banasawadi,,276.53,2025-11-01,9676.0,11,281.04
27,Banasawadi,,278.4,2025-12-01,9681.0,12,276.53
180,Banashankari Temple Ward,5161.0,124.02,2025-04-01,5186.5,4,
180,Banashankari Temple Ward,5167.0,118.676678,2025-05-01,5186.5,5,124.02
180,Banashankari Temple Ward,5171.0,120.24768,2025-06-01,5186.5,6,118.676678
180,Banashankari Temple Ward,,118.99,2025-07-01,5175.0,7,120.24768
180,Banashankari Temple Ward,,117.08,2025-08-01,5182.0,8,118.99
180,Banashankari Temple Ward,,118.92,2025-09-01,5186.0,9,117.08
180,Banashankari Temple Ward,,117.42,2025-10-01,5187.0,10,118.92
180,Banashankari Temple Ward,,112.85,2025-11-01,5193.0,11,117.42
180,Banashankari Temple Ward,,115.85,2025-12-01,5194.0,12,112.85
134,Bapujinagar,4450.0,142.84,2025-04-01,4475.0,4,
134,Bapujinagar,4445.0,134.983848,2025-05-01,4475.0,5,142.84
134,Bapujinagar,4458.0,132.311846,2025-06-01,4475.0,6,134.983848
134,Bapujinagar,,121.66,2025-07-01,4463.0,7,132.311846
134,Bapujinagar,,134.15,2025-08-01,4469.0,8,121.66
134,Bapujinagar,,127.27,2025-09-01,4474.0,9,134.15
134,Bapujinagar,,122.03,2025-10-01,4476.0,10,127.27
134,Bapujinagar,,117.87,2025-11-01,4482.0,11,122.03
134,Bapujinagar,,129.91,2025-12-01,4483.0,12,117.87
154,Basavanagudi,5783.0,145.01,2025-04-01,5802.5,4,
154,Basavanagudi,5790.0,145.827207,2025-05-01,5802.5,5,145.01
154,Basavanagudi,5792.0,137.534205,2025-06-01,5802.5,6,145.827207
154,Basavanagudi,,139.75,2025-07-01,5795.0,7,137.534205
154,Basavanagudi,,137.45,2025-08-01,5801.0,8,139.75
154,Basavanagudi,,137.66,2025-09-01,5801.0,9,137.45
154,Basavanagudi,,137.39,2025-10-01,5804.0,10,137.66
154,Basavanagudi,,135.71,2025-11-01,5806.0,11,137.39
154,Basavanagudi,,132.12,2025-12-01,5810.0,12,135.71
53,Basavanapura,7839.0,180.35,2025-04-01,8455.0,4,
53,Basavanapura,7944.0,167.134908,2025-05-01,8455.0,5,180.35
53,Basavanapura,8086.0,188.70491,2025-06-01,8455.0,6,167.134908
53,Basavanapura,,196.29,2025-07-01,8180.0,7,188.70491
53,Basavanapura,,205.69,2025-08-01,8382.0,8,196.29
53,Basavanapura,,215.8,2025-09-01,8436.0,9,205.69
53,Basavanapura,,204.23,2025-10-01,8474.0,10,215.8
53,Basavanapura,,209.18,2025-11-01,8474.0,11,204.23
53,Basavanapura,,206.72,2025-12-01,8570.0,12,209.18
100,Basaveshwaranagar,5760.0,177.26,2025-04-01,5771.0,4,
100,Basaveshwaranagar,5761.0,170.032536,2025-05-01,5771.0,5,177.26
100,Basaveshwaranagar,5763.0,172.070536,2025-06-01,5771.0,6,170.032536
100,Basaveshwaranagar,,166.51,2025-07-01,5764.0,7,172.070536
100,Basaveshwaranagar,,166.1,2025-08-01,5767.0,8,166.51
100,Basaveshwaranagar,,167.03,2025-09-01,5771.0,9,166.1
100,Basaveshwaranagar,,169.71,2025-10-01,5772.0,10,167.03
100,Basaveshwaranagar,,168.34,2025-11-01,5771.0,11,169.71
100,Basaveshwaranagar,,157.76,2025-12-01,5771.0,12,168.34
192,Begur,5945.0,322.32,2025-04-01,7083.0,4,
192,Begur,6254.0,317.500943,2025-05-01,7083.0,5,322.32
192,Begur,6490.0,316.796943,2025-06-01,7083.0,6,317.500943
192,Begur,,332.33,2025-07-01,6715.0,7,316.796943
192,Begur,,338.65,2025-08-01,6890.0,8,332.33
192,Begur,,317.07,2025-09-01,7036.0,9,338.65
192,Begur,,323.23,2025-10-01,7130.0,10,317.07
192,Begur,,338.61,2025-11-01,7187.0,11,323.23
192,Begur,,325.49,2025-12-01,7235.0,12,338.61
150,Bellandur,4468.0,363.73,2025-04-01,5489.5,4,
150,Bellandur,4586.0,366.236874,2025-05-01,5489.5,5,363.73
150,Bellandur,4766.0,334.916877,2025-06-01,5489.5,6,366.236874
150,Bellandur,,390.78,2025-07-01,4916.0,7,334.916877
150,Bellandur,,398.22,2025-08-01,5166.0,8,390.78
150,Bellandur,,366.61,2025-09-01,5430.0,9,398.22
150,Bellandur,,383.56,2025-10-01,5549.0,10,366.61
150,Bellandur,,364.12,2025-11-01,5554.0,11,383.56
150,Bellandur,,395.01,2025-12-01,5702.0,12,364.12
50,Benniganahalli,5873.0,393.16,2025-04-01,5859.5,4,
50,Benniganahalli,5875.0,381.666539,2025-05-01,5859.5,5,393.16
50,Benniganahalli,5855.0,367.850544,2025-06-01,5859.5,6,381.666539
50,Benniganahalli,,339.2,2025-07-01,5856.0,7,367.850544
50,Benniganahalli,,361.68,2025-08-01,5859.0,8,339.2
50,Benniganahalli,,357.25,2025-09-01,5861.0,9,361.68
50,Benniganahalli,,349.05,2025-10-01,5859.0,10,357.25
50,Benniganahalli,,388.55,2025-11-01,5860.0,11,349.05
50,Benniganahalli,,378.15,2025-12-01,5861.0,12,388.55
91,Bharathinagar,2233.0,108.84,2025-04-01,2246.0,4,
91,Bharathinagar,2232.0,98.87974,2025-05-01,2246.0,5,108.84
91,Bharathinagar,2232.0,96.06074,2025-06-01,2246.0,6,98.87974
91,Bharathinagar,,108.15,2025-07-01,2237.0,7,96.06074
91,Bharathinagar,,94.91,2025-08-01,2239.0,8,108.15
91,Bharathinagar,,106.47,2025-09-01,2246.0,9,94.91
91,Bharathinagar,,103.66,2025-10-01,2246.0,10,106.47
91,Bharathinagar,,107.74,2025-11-01,2247.0,11,103.66
91,Bharathinagar,,102.5,2025-12-01,2246.0,12,107.74
188,Bilekahalli,4381.0,257.4,2025-04-01,4406.0,4,
188,Bilekahalli,4382.0,243.745832,2025-05-01,4406.0,5,257.4
188,Bilekahalli,4393.0,254.096835,2025-06-01,4406.0,6,243.745832
188,Bilekahalli,,264.38,2025-07-01,4399.0,7,254.096835
188,Bilekahalli,,264.83,2025-08-01,4403.0,8,264.38
188,Bilekahalli,,251.06,2025-09-01,4406.0,9,264.83
188,Bilekahalli,,243.67,2025-10-01,4406.0,10,251.06
188,Bilekahalli,,242.97,2025-11-01,4407.0,11,243.67
188,Bilekahalli,,231.42,2025-12-01,4407.0,12,242.97
121,Binnypet,4552.0,106.7,2025-04-01,4574.5,4,
121,Binnypet,4567.0,103.995717,2025-05-01,4574.5,5,106.7
121,Binnypet,4568.0,105.210713,2025-06-01,4574.5,6,103.995717
121,Binnypet,,97.98,2025-07-01,4568.0,7,105.210713
121,Binnypet,,97.01,2025-08-01,4575.0,8,97.98
121,Binnypet,,102.86,2025-09-01,4574.0,9,97.01
121,Binnypet,,97.31,2025-10-01,4574.0,10,102.86
121,Binnypet,,102.56,2025-11-01,4577.0,11,97.31
121,Binnypet,,98.56,2025-12-01,4577.0,12,102.56
175,Bommanahalli,6462.0,297.31,2025-04-01,6577.0,4,
175,Bommanahalli,6496.0,292.759758,2025-05-01,6577.0,5,297.31
175,Bommanahalli,6504.0,297.594763,2025-06-01,6577.0,6,292.759758
175,Bommanahalli,,287.42,2025-07-01,6537.0,7,297.594763
175,Bommanahalli,,294.27,2025-08-01,6548.0,8,287.42
175,Bommanahalli,,289.2,2025-09-01,6563.0,9,294.27
175,Bommanahalli,,278.25,2025-10-01,6591.0,10,289.2
175,Bommanahalli,,274.75,2025-11-01,6599.0,11,278.25
175,Bommanahalli,,276.82,2025-12-01,6605.0,12,274.75
7,Byatarayanapura,9646.0,321.35,2025-04-01,9726.0,4,
7,Byatarayanapura,9677.0,293.991676,2025-05-01,9726.0,5,321.35
7,Byatarayanapura,9681.0,300.193673,2025-06-01,9726.0,6,293.991676
7,Byatarayanapura,,285.44,2025-07-01,9693.0,7,300.193673
7,Byatarayanapura,,285.71,2025-08-01,9705.0,8,285.44
7,Byatarayanapura,,289.89,2025-09-01,9718.0,9,285.71
7,Byatarayanapura,,283.04,2025-10-01,9736.0,10,289.89
7,Byatarayanapura,,288.39,2025-11-01,9734.0,11,283.04
7,Byatarayanapura,,278.9,2025-12-01,9739.0,12,288.39
169,Byrasandra,3834.0,123.92,2025-04-01,3844.0,4,
169,Byrasandra,3834.0,118.080591,2025-05-01,3844.0,5,123.92
169,Byrasandra,3839.0,117.212586,2025-06-01,3844.0,6,118.080591
169,Byrasandra,,119.09,2025-07-01,3843.0,7,117.212586
169,Byrasandra,,119.02,2025-08-01,3845.0,8,119.09
169,Byrasandra,,113.36,2025-09-01,3843.0,9,119.02
169,Byrasandra,,117.72,2025-10-01,3843.0,10,113.36
169,Byrasandra,,112.62,2025-11-01,3851.0,11,117.72
169,Byrasandra,,114.19,2025-12-01,3851.0,12,112.62
57,C.V. Ramannagar,3235.0,98.7,2025-04-01,3275.0,4,
57,C.V. Ramannagar,3243.0,82.7016,2025-05-01,3275.0,5,98.7
57,C.V. Ramannagar,3244.0,81.322603,2025-06-01,3275.0,6,82.7016
57,C.V. Ramannagar,,78.66,2025-07-01,3263.0,7,81.322603
57,C.V. Ramannagar,,77.16,2025-08-01,3270.0,8,78.66
57,C.V. Ramannagar,,82.29,2025-09-01,3273.0,9,77.16
57,C.V. Ramannagar,,74.38,2025-10-01,3277.0,10,82.29
57,C.V. Ramannagar,,83.83,2025-11-01,3283.0,11,74.38
57,C.V. Ramannagar,,82.23,2025-12-01,3289.0,12,83.83
138,Chalavadipalya,2412.0,56.77,2025-04-01,2391.0,4,
138,Chalavadipalya,2391.0,55.44385,2025-05-01,2391.0,5,56.77
138,Chalavadipalya,2391.0,55.790851,2025-06-01,2391.0,6,55.44385
138,Chalavadipalya,,52.87,2025-07-01,2391.0,7,55.790851
138,Chalavadipalya,,52.22,2025-08-01,2391.0,8,52.87
138,Chalavadipalya,,55.3,2025-09-01,2391.0,9,52.22
138,Chalavadipalya,,54.69,2025-10-01,2391.0,10,55.3
138,Chalavadipalya,,50.5,2025-11-01,2389.0,11,54.69
138,Chalavadipalya,,52.25,2025-12-01,2389.0,12,50.5
140,Chamrajpet,4797.0,171.7,2025-04-01,4779.0,4,
140,Chamrajpet,4781.0,167.298275,2025-05-01,4779.0,5,171.7
140,Chamrajpet,4785.0,165.876273,2025-06-01,4779.0,6,167.298275
140,Chamrajpet,,163.26,2025-07-01,4775.0,7,165.876273
140,Chamrajpet,,170.96,2025-08-01,4779.0,8,163.26
140,Chamrajpet,,164.93,2025-09-01,4779.0,9,170.96
140,Chamrajpet,,168.55,2025-10-01,4775.0,10,164.93
140,Chamrajpet,,162.88,2025-11-01,4780.0,11,168.55
140,Chamrajpet,,167.55,2025-12-01,4780.0,12,162.88
183,Chikkallasandra,5157.0,136.88,2025-04-01,5185.5,4,
183,Chikkallasandra,5161.0,135.428797,2025-05-01,5185.5,5,136.88
183,Chikkallasandra,5170.0,132.392797,2025-06-01,5185.5,6,135.428797
183,Chikkallasandra,,126.98,2025-07-01,5177.0,7,132.392797
183,Chikkallasandra,,133.99,2025-08-01,5184.0,8,126.98
183,Chikkallasandra,,136.61,2025-09-01,5185.0,9,133.99
183,Chikkallasandra,,133.09,2025-10-01,5186.0,10,136.61
183,Chikkallasandra,,132.59,2025-11-01,5191.0,11,133.09
183,Chikkallasandra,,130.46,2025-12-01,5191.0,12,132.59
109,Chikpet,5590.0,115.2,2025-04-01,5613.0,4,
109,Chikpet,5596.0,107.323309,2025-05-01,5613.0,5,115.2
109,Chikpet,5597.0,113.139306,2025-06-01,5613.0,6,107.323309
109,Chikpet,,110.56,2025-07-01,5599.0,7,113.139306
109,Chikpet,,108.7,2025-08-01,5606.0,8,110.56
109,Chikpet,,112.04,2025-09-01,5613.0,9,108.7
109,Chikpet,,112.21,2025-10-01,5613.0,10,112.04
109,Chikpet,,110.41,2025-11-01,5616.0,11,112.21
109,Chikpet,,111.46,2025-12-01,5617.0,12,110.41
39,Chokkasandra,5777.0,154.95,2025-04-01,5842.5,4,
39,Chokkasandra,5789.0,137.460621,2025-05-01,5842.5,5,154.95
39,Chokkasandra,5811.0,140.930617,2025-06-01,5842.5,6,137.460621
39,Chokkasandra,,135.79,2025-07-01,5832.0,7,140.930617
39,Chokkasandra,,133.01,2025-08-01,5853.0,8,135.79
39,Chokkasandra,,130.5,2025-09-01,5856.0,9,133.01
39,Chokkasandra,,132.78,2025-10-01,5858.0,10,130.5
39,Chokkasandra,,129.67,2025-11-01,5823.0,11,132.78
39,Chokkasandra,,126.47,2025-12-01,5827.0,12,129.67
2,Chowdeshwari Ward,456.0,10.9,2025-04-01,464.5,4,
2,Chowdeshwari Ward,460.0,9.834984,2025-05-01,464.5,5,10.9
2,Chowdeshwari Ward,460.0,9.808984,2025-06-01,464.5,6,9.834984
2,Chowdeshwari Ward,,25.69,2025-07-01,461.0,7,9.808984
2,Chowdeshwari Ward,,23.62,2025-08-01,463.0,8,25.69
2,Chowdeshwari Ward,,18.95,2025-09-01,464.0,9,23.62
2,Chowdeshwari Ward,,17.36,2025-10-01,465.0,10,18.95
2,Chowdeshwari Ward,,62.34,2025-11-01,466.0,11,17.36
2,Chowdeshwari Ward,,56.86,2025-12-01,466.0,12,62.34
120,Cottonpet,3062.0,65.28,2025-04-01,3075.0,4,
120,Cottonpet,3063.0,60.490453,2025-05-01,3075.0,5,65.28
120,Cottonpet,3063.0,63.654457,2025-06-01,3075.0,6,60.490453
120,Cottonpet,,63.19,2025-07-01,3068.0,7,63.654457
120,Cottonpet,,62.74,2025-08-01,3071.0,8,63.19
120,Cottonpet,,63.8,2025-09-01,3075.0,9,62.74
120,Cottonpet,,63.41,2025-10-01,3075.0,10,63.8
120,Cottonpet,,62.52,2025-11-01,3077.0,11,63.41
120,Cottonpet,,64.81,2025-12-01,3078.0,12,62.52
77,Dattathreya Temple,4474.0,118.81,2025-04-01,4480.5,4,
77,Dattathreya Temple,4479.0,115.475364,2025-05-01,4480.5,5,118.81
77,Dattathreya Temple,4480.0,115.808363,2025-06-01,4480.5,6,115.475364
77,Dattathreya Temple,,110.84,2025-07-01,4482.0,7,115.808363
77,Dattathreya Temple,,117.05,2025-08-01,4481.0,8,110.84
77,Dattathreya Temple,,115.06,2025-09-01,4480.0,9,117.05
77,Dattathreya Temple,,116.48,2025-10-01,4482.0,10,115.06
77,Dattathreya Temple,,113.62,2025-11-01,4480.0,11,116.48
77,Dattathreya Temple,,113.2,2025-12-01,4480.0,12,113.62
97,Dayanandanagar,3492.0,83.97,2025-04-01,3500.0,4,
97,Dayanandanagar,3495.0,83.033573,2025-05-01,3500.0,5,83.97
97,Dayanandanagar,3496.0,84.843577,2025-06-01,3500.0,6,83.033573
97,Dayanandanagar,,83.02,2025-07-01,3497.0,7,84.843577
97,Dayanandanagar,,82.68,2025-08-01,3497.0,8,83.02
97,Dayanandanagar,,85.35,2025-09-01,3500.0,9,82.68
97,Dayanandanagar,,85.4,2025-10-01,3500.0,10,85.35
97,Dayanandanagar,,82.75,2025-11-01,3500.0,11,85.4
97,Dayanandanagar,,81.88,2025-12-01,3501.0,12,82.75
158,Deepanjali Nagar,2932.0,85.05,2025-04-01,2939.0,4,
158,Deepanjali Nagar,2932.0,84.863883,2025-05-01,2939.0,5,85.05
158,Deepanjali Nagar,2933.0,77.106885,2025-06-01,2939.0,6,84.863883
158,Deepanjali Nagar,,74.66,2025-07-01,2936.0,7,77.106885
158,Deepanjali Nagar,,77.33,2025-08-01,2937.0,8,74.66
158,Deepanjali Nagar,,71.42,2025-09-01,2940.0,9,77.33
158,Deepanjali Nagar,,75.04,2025-10-01,2940.0,10,71.42
158,Deepanjali Nagar,,75.17,2025-11-01,2939.0,11,75.04
158,Deepanjali Nagar,,71.74,2025-12-01,2939.0,12,75.17
47,Devarajeevanahalli,3756.0,79.63,2025-04-01,3758.5,4,
47,Devarajeevanahalli,3758.0,81.421968,2025-05-01,3758.5,5,79.63
47,Devarajeevanahalli,3766.0,80.001968,2025-06-01,3758.5,6,81.421968
47,Devarajeevanahalli,,81.01,2025-07-01,3769.0,7,80.001968
47,Devarajeevanahalli,,79.61,2025-08-01,3745.0,8,81.01
47,Devarajeevanahalli,,79.74,2025-09-01,3754.0,9,79.61
47,Devarajeevanahalli,,79.19,2025-10-01,3752.0,10,79.74
47,Devarajeevanahalli,,79.58,2025-11-01,3763.0,11,79.19
47,Devarajeevanahalli,,79.26,2025-12-01,3764.0,12,79.58
55,Devasandra,3181.0,85.56,2025-04-01,3302.0,4,
55,Devasandra,3201.0,80.751933,2025-05-01,3302.0,5,85.56
55,Devasandra,3223.0,81.481933,2025-06-01,3302.0,6,80.751933
55,Devasandra,,81.75,2025-07-01,3256.0,7,81.481933
55,Devasandra,,83.79,2025-08-01,3277.0,8,81.75
55,Devasandra,,97.57,2025-09-01,3299.0,9,83.79
55,Devasandra,,80.55,2025-10-01,3305.0,10,97.57
55,Devasandra,,84.34,2025-11-01,3313.0,11,80.55
55,Devasandra,,81.56,2025-12-01,3322.0,12,84.34
119,Dharmarayaswamy Temple Ward,4952.0,99.4,2025-04-01,4982.0,4,
119,Dharmarayaswamy Temple Ward,4963.0,95.417962,2025-05-01,4982.0,5,99.4
119,Dharmarayaswamy Temple Ward,4968.0,99.841961,2025-06-01,4982.0,6,95.417962
119,Dharmarayaswamy Temple Ward,,100.52,2025-07-01,4977.0,7,99.841961
119,Dharmarayaswamy Temple Ward,,99.6,2025-08-01,4979.0,8,100.52
119,Dharmarayaswamy Temple Ward,,99.63,2025-09-01,4981.0,9,99.6
119,Dharmarayaswamy Temple Ward,,99.9,2025-10-01,4983.0,10,99.63
119,Dharmarayaswamy Temple Ward,,97.89,2025-11-01,4988.0,11,99.9
119,Dharmarayaswamy Temple Ward,,95.02,2025-12-01,4988.0,12,97.89
40,Doddabidirakalu,1.0,0.0,2025-04-01,1.0,4,
40,Doddabidirakalu,1.0,-2e-06,2025-05-01,1.0,5,0.0
40,Doddabidirakalu,1.0,-2e-06,2025-06-01,1.0,6,-2e-06
40,Doddabidirakalu,,0.0,2025-07-01,1.0,7,-2e-06
40,Doddabidirakalu,,0.0,2025-08-01,1.0,8,0.0
40,Doddabidirakalu,,0.0,2025-09-01,1.0,9,0.0
40,Doddabidirakalu,,0.0,2025-10-01,1.0,10,0.0
40,Doddabidirakalu,,0.0,2025-11-01,1.0,11,0.0
40,Doddabidirakalu,,0.0,2025-12-01,1.0,12,0.0
10,Doddabommasandra,1806.0,28.09,2025-04-01,1865.5,4,
10,Doddabommasandra,1815.0,27.946927,2025-05-01,1865.5,5,28.09
10,Doddabommasandra,1821.0,28.410926,2025-06-01,1865.5,6,27.946927
10,Doddabommasandra,,27.82,2025-07-01,1830.0,7,28.410926
10,Doddabommasandra,,27.62,2025-08-01,1842.0,8,27.82
10,Doddabommasandra,,26.87,2025-09-01,1865.0,9,27.62
10,Doddabommasandra,,27.95,2025-10-01,1866.0,10,26.87
10,Doddabommasandra,,29.16,2025-11-01,1908.0,11,27.95
10,Doddabommasandra,,29.32,2025-12-01,1909.0,12,29.16
85,Doddanekkundi,5543.0,317.52,2025-04-01,5680.0,4,
85,Doddanekkundi,5585.0,352.123801,2025-05-01,5680.0,5,317.52
85,Doddanekkundi,5600.0,349.213803,2025-06-01,5680.0,6,352.123801
85,Doddanekkundi,,328.86,2025-07-01,5643.0,7,349.213803
85,Doddanekkundi,,320.96,2025-08-01,5667.0,8,328.86
85,Doddanekkundi,,315.64,2025-09-01,5686.0,9,320.96
85,Doddanekkundi,,311.86,2025-10-01,5674.0,10,315.64
85,Doddanekkundi,,322.1,2025-11-01,5721.0,11,311.86
85,Doddanekkundi,,323.85,2025-12-01,5729.0,12,322.1
112,Dommalur,4743.0,211.98,2025-04-01,4776.0,4,
112,Dommalur,4751.0,192.857449,2025-05-01,4776.0,5,211.98
112,Dommalur,4756.0,198.061445,2025-06-01,4776.0,6,192.857449
112,Dommalur,,195.97,2025-07-01,4758.0,7,198.061445
112,Dommalur,,193.22,2025-08-01,4767.0,8,195.97
112,Dommalur,,211.73,2025-09-01,4776.0,9,193.22
112,Dommalur,,198.01,2025-10-01,4776.0,10,211.73
112,Dommalur,,197.16,2025-11-01,4786.0,11,198.01
112,Dommalur,,201.7,2025-12-01,4788.0,12,197.16
106,Dr. Rajkumar Ward,2468.0,90.88,2025-04-01,2471.0,4,
106,Dr. Rajkumar Ward,2468.0,83.199639,2025-05-01,2471.0,5,90.88
106,Dr. Rajkumar Ward,2469.0,85.758641,2025-06-01,2471.0,6,83.199639
106,Dr. Rajkumar Ward,,80.77,2025-07-01,2471.0,7,85.758641
106,Dr. Rajkumar Ward,,80.77,2025-08-01,2471.0,8,80.77
106,Dr. Rajkumar Ward,,83.2,2025-09-01,2472.0,9,80.77
106,Dr. Rajkumar Ward,,80.42,2025-10-01,2472.0,10,83.2
106,Dr. Rajkumar Ward,,81.91,2025-11-01,2471.0,11,80.42
106,Dr. Rajkumar Ward,,78.15,2025-12-01,2471.0,12,81.91
148,Ejipura,4773.0,140.99,2025-04-01,4790.5,4,
148,Ejipura,4783.0,138.261629,2025-05-01,4790.5,5,140.99
148,Ejipura,4786.0,138.668628,2025-06-01,4790.5,6,138.261629
148,Ejipura,,142.88,2025-07-01,4787.0,7,138.668628
148,Ejipura,,143.77,2025-08-01,4787.0,8,142.88
148,Ejipura,,140.16,2025-09-01,4788.0,9,143.77
148,Ejipura,,138.93,2025-10-01,4793.0,10,140.16
148,Ejipura,,132.09,2025-11-01,4796.0,11,138.93
148,Ejipura,,134.71,2025-12-01,4798.0,12,132.09
157,Gali Anjaneya swamy Temple Ward,5379.0,142.84,2025-04-01,5397.0,4,
157,Gali Anjaneya swamy Temple Ward,5380.0,144.656701,2025-05-01,5397.0,5,142.84
157,Gali Anjaneya swamy Temple Ward,5382.0,138.8667,2025-06-01,5397.0,6,144.656701
157,Gali Anjaneya swamy Temple Ward,,128.78,2025-07-01,5383.0,7,138.8667
157,Gali Anjaneya swamy Temple Ward,,136.48,2025-08-01,5394.0,8,128.78
157,Gali Anjaneya swamy Temple Ward,,130.22,2025-09-01,5397.0,9,136.48
157,Gali Anjaneya swamy Temple Ward,,134.76,2025-10-01,5397.0,10,130.22
157,Gali Anjaneya swamy Temple Ward,,123.8,2025-11-01,5401.0,11,134.76
157,Gali Anjaneya swamy Temple Ward,,125.22,2025-12-01,5402.0,12,123.8
94,Gandhinagar,4769.0,350.22,2025-04-01,4778.0,4,
94,Gandhinagar,4770.0,355.686467,2025-05-01,4778.0,5,350.22
94,Gandhinagar,4770.0,384.449458,2025-06-01,4778.0,6,355.686467
94,Gandhinagar,,355.45,2025-07-01,4773.0,7,384.449458
94,Gandhinagar,,355.9,2025-08-01,4774.0,8,355.45
94,Gandhinagar,,359.08,2025-09-01,4778.0,9,355.9
94,Gandhinagar,,353.99,2025-10-01,4778.0,10,359.08
94,Gandhinagar,,361.16,2025-11-01,4783.0,11,353.99
94,Gandhinagar,,373.86,2025-12-01,4783.0,12,361.16
165,Ganeshmandira Ward,4481.0,121.06,2025-04-01,4517.5,4,
165,Ganeshmandira Ward,4492.0,114.317599,2025-05-01,4517.5,5,121.06
165,Ganeshmandira Ward,4494.0,111.421596,2025-06-01,4517.5,6,114.317599
165,Ganeshmandira Ward,,110.82,2025-07-01,4501.0,7,111.421596
165,Ganeshmandira Ward,,117.34,2025-08-01,4509.0,8,110.82
165,Ganeshmandira Ward,,112.1,2025-09-01,4517.0,9,117.34
165,Ganeshmandira Ward,,114.3,2025-10-01,4518.0,10,112.1
165,Ganeshmandira Ward,,112.74,2025-11-01,4530.0,11,114.3
165,Ganeshmandira Ward,,111.56,2025-12-01,4534.0,12,112.74
20,Ganganagar,3321.0,76.76,2025-04-01,3338.0,4,
20,Ganganagar,3323.0,75.431677,2025-05-01,3338.0,5,76.76
20,Ganganagar,3328.0,72.917677,2025-06-01,3338.0,6,75.431677
20,Ganganagar,,71.21,2025-07-01,3329.0,7,72.917677
20,Ganganagar,,69.12,2025-08-01,3332.0,8,71.21
20,Ganganagar,,69.96,2025-09-01,3338.0,9,69.12
20,Ganganagar,,68.37,2025-10-01,3338.0,10,69.96
20,Ganganagar,,68.48,2025-11-01,3342.0,11,68.37
20,Ganganagar,,68.41,2025-12-01,3343.0,12,68.48
34,Gangenahalli,2319.0,53.63,2025-04-01,2322.5,4,
34,Gangenahalli,2322.0,53.024765,2025-05-01,2322.5,5,53.63
34,Gangenahalli,2322.0,48.011764,2025-06-01,2322.5,6,53.024765
34,Gangenahalli,,52.66,2025-07-01,2322.0,7,48.011764
34,Gangenahalli,,47.17,2025-08-01,2321.0,8,52.66
34,Gangenahalli,,49.56,2025-09-01,2322.0,9,47.17
34,Gangenahalli,,47.03,2025-10-01,2323.0,10,49.56
34,Gangenahalli,,48.9,2025-11-01,2324.0,11,47.03
34,Gangenahalli,,48.46,2025-12-01,2324.0,12,48.9
82,Garudacharpalya,4322.0,182.53,2025-04-01,4364.5,4,
82,Garudacharpalya,4335.0,192.16685,2025-05-01,4364.5,5,182.53
82,Garudacharpalya,4339.0,188.172849,2025-06-01,4364.5,6,192.16685
82,Garudacharpalya,,186.88,2025-07-01,4346.0,7,188.172849
82,Garudacharpalya,,183.68,2025-08-01,4357.0,8,186.88
82,Garudacharpalya,,164.22,2025-09-01,4372.0,9,183.68
82,Garudacharpalya,,174.58,2025-10-01,4357.0,10,164.22
82,Garudacharpalya,,192.64,2025-11-01,4375.0,11,174.58
82,Garudacharpalya,,186.5,2025-12-01,4375.0,12,192.64
76,Gayathrinagar,4364.0,117.99,2025-04-01,4379.0,4,
76,Gayathrinagar,4368.0,119.317522,2025-05-01,4379.0,5,117.99
76,Gayathrinagar,4371.0,118.492529,2025-06-01,4379.0,6,119.317522
76,Gayathrinagar,,112.13,2025-07-01,4372.0,7,118.492529
76,Gayathrinagar,,118.61,2025-08-01,4374.0,8,112.13
76,Gayathrinagar,,113.43,2025-09-01,4379.0,9,118.61
76,Gayathrinagar,,113.7,2025-10-01,4379.0,10,113.43
76,Gayathrinagar,,108.83,2025-11-01,4379.0,11,113.7
76,Gayathrinagar,,109.88,2025-12-01,4379.0,12,108.83
162,Girinagar,7691.0,195.05,2025-04-01,7745.0,4,
162,Girinagar,7722.0,191.641687,2025-05-01,7745.0,5,195.05
162,Girinagar,7733.0,192.095687,2025-06-01,7745.0,6,191.641687
162,Girinagar,,182.82,2025-07-01,7733.0,7,192.095687
162,Girinagar,,175.45,2025-08-01,7740.0,8,182.82
162,Girinagar,,172.75,2025-09-01,7744.0,9,175.45
162,Girinagar,,180.96,2025-10-01,7746.0,10,172.75
162,Girinagar,,176.57,2025-11-01,7747.0,11,180.96
162,Girinagar,,172.82,2025-12-01,7747.0,12,176.57
194,Gottigere,3488.0,104.74,2025-04-01,4193.0,4,
194,Gottigere,3616.0,97.966944,2025-05-01,4193.0,5,104.74
194,Gottigere,3671.0,99.342945,2025-06-01,4193.0,6,97.966944
194,Gottigere,,96.95,2025-07-01,3835.0,7,99.342945
194,Gottigere,,96.53,2025-08-01,4047.0,8,96.95
194,Gottigere,,99.03,2025-09-01,4135.0,9,96.53
194,Gottigere,,99.45,2025-10-01,4251.0,10,99.03
194,Gottigere,,97.19,2025-11-01,4294.0,11,99.45
194,Gottigere,,96.02,2025-12-01,4395.0,12,97.19
104,Govindrajnagara,2867.0,69.12,2025-04-01,2905.5,4,
104,Govindrajnagara,2875.0,70.830807,2025-05-01,2905.5,5,69.12
104,Govindrajnagara,2877.0,67.934803,2025-06-01,2905.5,6,70.830807
104,Govindrajnagara,,66.76,2025-07-01,2880.0,7,67.934803
104,Govindrajnagara,,69.52,2025-08-01,2896.0,8,66.76
104,Govindrajnagara,,65.18,2025-09-01,2905.0,9,69.52
104,Govindrajnagara,,68.36,2025-10-01,2906.0,10,65.18
104,Govindrajnagara,,66.2,2025-11-01,2913.0,11,68.36
104,Govindrajnagara,,64.82,2025-12-01,2914.0,12,66.2
171,Gurappanapalya,4049.0,180.7,2025-04-01,4064.5,4,
171,Gurappanapalya,4053.0,181.812726,2025-05-01,4064.5,5,180.7
171,Gurappanapalya,4061.0,185.442721,2025-06-01,4064.5,6,181.812726
171,Gurappanapalya,,183.1,2025-07-01,4062.0,7,185.442721
171,Gurappanapalya,,192.83,2025-08-01,4065.0,8,183.1
171,Gurappanapalya,,171.88,2025-09-01,4065.0,9,192.83
171,Gurappanapalya,,174.98,2025-10-01,4065.0,10,171.88
171,Gurappanapalya,,178.53,2025-11-01,4064.0,11,174.98
171,Gurappanapalya,,180.16,2025-12-01,4064.0,12,178.53
38,H.M.T,3651.0,144.79,2025-04-01,3670.0,4,
38,H.M.T,3651.0,142.55859,2025-05-01,3670.0,5,144.79
38,H.M.T,3654.0,137.555591,2025-06-01,3670.0,6,142.55859
38,H.M.T,,141.6,2025-07-01,3654.0,7,137.555591
38,H.M.T,,132.9,2025-08-01,3656.0,8,141.6
38,H.M.T,,134.9,2025-09-01,3669.0,9,132.9
38,H.M.T,,135.48,2025-10-01,3671.0,10,134.9
38,H.M.T,,130.96,2025-11-01,3677.0,11,135.48
38,H.M.T,,136.89,2025-12-01,3679.0,12,130.96
87,HAL Airport,4360.0,94.93,2025-04-01,4372.5,4,
87,HAL Airport,4368.0,92.994894,2025-05-01,4372.5,5,94.93
87,HAL Airport,4369.0,93.435892,2025-06-01,4372.5,6,92.994894
87,HAL Airport,,91.06,2025-07-01,4372.0,7,93.435892
87,HAL Airport,,91.06,2025-08-01,4375.0,8,91.06
87,HAL Airport,,92.28,2025-09-01,4371.0,9,91.06
87,HAL Airport,,92.63,2025-10-01,4372.0,10,92.28
87,HAL Airport,,92.57,2025-11-01,4373.0,11,92.63
87,HAL Airport,,92.19,2025-12-01,4380.0,12,92.57
24,HBR Layout,8000.0,251.42,2025-04-01,8181.5,4,
24,HBR Layout,8045.0,254.881725,2025-05-01,8181.5,5,251.42
24,HBR Layout,8075.0,240.231719,2025-06-01,8181.5,6,254.881725
24,HBR Layout,,237.47,2025-07-01,8121.0,7,240.231719
24,HBR Layout,,240.06,2025-08-01,8157.0,8,237.47
24,HBR Layout,,246.94,2025-09-01,8175.0,9,240.06
24,HBR Layout,,247.77,2025-10-01,8188.0,10,246.94
24,HBR Layout,,244.34,2025-11-01,8194.0,11,247.77
24,HBR Layout,,232.08,2025-12-01,8202.0,12,244.34
174,HSR Layout,14047.0,589.04,2025-04-01,14171.5,4,
174,HSR Layout,14074.0,570.214951,2025-05-01,14171.5,5,589.04
174,HSR Layout,14105.0,572.166949,2025-06-01,14171.5,6,570.214951
174,HSR Layout,,596.73,2025-07-01,14131.0,7,572.166949
174,HSR Layout,,605.66,2025-08-01,14147.0,8,596.73
174,HSR Layout,,601.54,2025-09-01,14165.0,9,605.66
174,HSR Layout,,575.28,2025-10-01,14178.0,10,601.54
174,HSR Layout,,549.58,2025-11-01,14180.0,11,575.28
174,HSR Layout,,546.3,2025-12-01,14187.0,12,549.58
84,Hagadooru,1988.0,99.94,2025-04-01,2015.0,4,
84,Hagadooru,1997.0,115.898916,2025-05-01,2015.0,5,99.94
84,Hagadooru,1998.0,123.214916,2025-06-01,2015.0,6,115.898916
84,Hagadooru,,117.83,2025-07-01,2003.0,7,123.214916
84,Hagadooru,,120.59,2025-08-01,2003.0,8,117.83
84,Hagadooru,,108.06,2025-09-01,2016.0,9,120.59
84,Hagadooru,,105.84,2025-10-01,2014.0,10,108.06
84,Hagadooru,,107.04,2025-11-01,2021.0,11,105.84
84,Hagadooru,,102.71,2025-12-01,2021.0,12,107.04
133,Hampinagar,3033.0,86.64,2025-04-01,3033.0,4,
133,Hampinagar,3027.0,84.724916,2025-05-01,3033.0,5,86.64
133,Hampinagar,3027.0,84.487917,2025-06-01,3033.0,6,84.724916
133,Hampinagar,,77.97,2025-07-01,3027.0,7,84.487917
133,Hampinagar,,76.8,2025-08-01,3028.0,8,77.97
133,Hampinagar,,77.25,2025-09-01,3033.0,9,76.8
133,Hampinagar,,79.24,2025-10-01,3033.0,10,77.25
133,Hampinagar,,75.92,2025-11-01,3033.0,11,79.24
133,Hampinagar,,75.19,2025-12-01,3034.0,12,75.92
155,Hanumanthanagar,4129.0,98.16,2025-04-01,4143.0,4,
155,Hanumanthanagar,4134.0,91.831765,2025-05-01,4143.0,5,98.16
155,Hanumanthanagar,4137.0,88.739762,2025-06-01,4143.0,6,91.831765
155,Hanumanthanagar,,88.23,2025-07-01,4138.0,7,88.739762
155,Hanumanthanagar,,88.45,2025-08-01,4142.0,8,88.23
155,Hanumanthanagar,,86.09,2025-09-01,4143.0,9,88.45
155,Hanumanthanagar,,88.69,2025-10-01,4143.0,10,86.09
155,Hanumanthanagar,,86.77,2025-11-01,4145.0,11,88.69
155,Hanumanthanagar,,84.42,2025-12-01,4146.0,12,86.77
21,Hebbal,7423.0,171.61,2025-04-01,7476.0,4,
21,Hebbal,7440.0,166.686508,2025-05-01,7476.0,5,171.61
21,Hebbal,7455.0,168.077498,2025-06-01,7476.0,6,166.686508
21,Hebbal,,157.39,2025-07-01,7463.0,7,168.077498
21,Hebbal,,158.48,2025-08-01,7468.0,8,157.39
21,Hebbal,,164.3,2025-09-01,7475.0,9,158.48
21,Hebbal,,162.44,2025-10-01,7477.0,10,164.3
21,Hebbal,,159.35,2025-11-01,7487.0,11,162.44
21,Hebbal,,157.48,2025-12-01,7489.0,12,159.35
71,Hegganahalli,8632.0,243.06,2025-04-01,8661.5,4,
71,Hegganahalli,8638.0,234.217365,2025-05-01,8661.5,5,243.06
71,Hegganahalli,8643.0,241.877364,2025-06-01,8661.5,6,234.217365
71,Hegganahalli,,231.78,2025-07-01,8654.0,7,241.877364
71,Hegganahalli,,233.8,2025-08-01,8658.0,8,231.78
71,Hegganahalli,,232.06,2025-09-01,8666.0,9,233.8
71,Hegganahalli,,237.19,2025-10-01,8672.0,10,232.06
71,Hegganahalli,,236.29,2025-11-01,8658.0,11,237.19
71,Hegganahalli,,225.37,2025-12-01,8665.0,12,236.29
198,Hemmigepura,3752.0,82.15,2025-04-01,5069.5,4,
198,Hemmigepura,3932.0,87.627895,2025-05-01,5069.5,5,82.15
198,Hemmigepura,4120.0,95.993893,2025-06-01,5069.5,6,87.627895
198,Hemmigepura,,108.24,2025-07-01,4338.0,7,95.993893
198,Hemmigepura,,103.98,2025-08-01,4549.0,8,108.24
198,Hemmigepura,,111.74,2025-09-01,4926.0,9,103.98
198,Hemmigepura,,116.26,2025-10-01,5213.0,10,111.74
198,Hemmigepura,,118.42,2025-11-01,5444.0,11,116.26
198,Hemmigepura,,116.59,2025-12-01,5511.0,12,118.42
72,Herohalli,10279.0,219.96,2025-04-01,,4,
145,Hombegowdanagar,6496.0,200.06,2025-04-01,6550.5,4,
145,Hombegowdanagar,6512.0,195.781641,2025-05-01,6550.5,5,200.06
145,Hombegowdanagar,6521.0,199.944646,2025-06-01,6550.5,6,195.781641
145,Hombegowdanagar,,200.41,2025-07-01,6537.0,7,199.944646
145,Hombegowdanagar,,198.19,2025-08-01,6543.0,8,200.41
145,Hombegowdanagar,,201.83,2025-09-01,6550.0,9,198.19
145,Hombegowdanagar,,200.9,2025-10-01,6551.0,10,201.83
145,Hombegowdanagar,,200.61,2025-11-01,6552.0,11,200.9
145,Hombegowdanagar,,199.61,2025-12-01,6552.0,12,200.61
189,Hongasandra,8261.0,361.2,2025-04-01,8389.0,4,
189,Hongasandra,8287.0,350.52686,2025-05-01,8389.0,5,361.2
189,Hongasandra,8314.0,352.880862,2025-06-01,8389.0,6,350.52686
189,Hongasandra,,350.71,2025-07-01,8337.0,7,352.880862
189,Hongasandra,,360.67,2025-08-01,8368.0,8,350.71
189,Hongasandra,,356.78,2025-09-01,8382.0,9,360.67
189,Hongasandra,,338.09,2025-10-01,8396.0,10,356.78
189,Hongasandra,,351.94,2025-11-01,8405.0,11,338.09
189,Hongasandra,,336.52,2025-12-01,8435.0,12,351.94
54,Hoodi,5061.0,311.37,2025-04-01,5212.5,4,
54,Hoodi,5112.0,328.625894,2025-05-01,5212.5,5,311.37
54,Hoodi,5137.0,315.296895,2025-06-01,5212.5,6,328.625894
54,Hoodi,,320.46,2025-07-01,5151.0,7,315.296895
54,Hoodi,,314.45,2025-08-01,5171.0,8,320.46
54,Hoodi,,311.4,2025-09-01,5203.0,9,314.45
54,Hoodi,,305.59,2025-10-01,5222.0,10,311.4
54,Hoodi,,335.12,2025-11-01,5274.0,11,305.59
54,Hoodi,,333.7,2025-12-01,5288.0,12,335.12
25,Horamavu,5195.0,95.32,2025-04-01,12339.0,4,
25,Horamavu,5956.0,111.875924,2025-05-01,12339.0,5,95.32
25,Horamavu,6532.0,122.770924,2025-06-01,12339.0,6,111.875924
25,Horamavu,,146.72,2025-07-01,10381.0,7,122.770924
25,Horamavu,,156.55,2025-08-01,11232.0,8,146.72
25,Horamavu,,148.35,2025-09-01,11889.0,9,156.55
25,Horamavu,,104.67,2025-10-01,12789.0,10,148.35
25,Horamavu,,97.26,2025-11-01,12820.0,11,104.67
25,Horamavu,,119.4,2025-12-01,14384.0,12,97.26
124,Hosahalli,4505.0,121.1,2025-04-01,4511.0,4,
124,Hosahalli,4506.0,118.094825,2025-05-01,4511.0,5,121.1
124,Hosahalli,4507.0,117.534827,2025-06-01,4511.0,6,118.094825
124,Hosahalli,,103.65,2025-07-01,4509.0,7,117.534827
124,Hosahalli,,112.02,2025-08-01,4510.0,8,103.65
124,Hosahalli,,111.97,2025-09-01,4511.0,9,112.02
124,Hosahalli,,109.22,2025-10-01,4511.0,10,111.97
124,Hosahalli,,108.08,2025-11-01,4516.0,11,109.22
124,Hosahalli,,108.25,2025-12-01,4517.0,12,108.08
161,Hosakerehalli,7344.0,186.91,2025-04-01,7376.0,4,
161,Hosakerehalli,7352.0,174.81071,2025-05-01,7376.0,5,186.91
161,Hosakerehalli,7363.0,168.984706,2025-06-01,7376.0,6,174.81071
161,Hosakerehalli,,171.35,2025-07-01,7365.0,7,168.984706
161,Hosakerehalli,,170.02,2025-08-01,7370.0,8,171.35
161,Hosakerehalli,,166.41,2025-09-01,7376.0,9,170.02
161,Hosakerehalli,,173.33,2025-10-01,7376.0,10,166.41
161,Hosakerehalli,,165.86,2025-11-01,7379.0,11,173.33
161,Hosakerehalli,,160.74,2025-12-01,7379.0,12,165.86
58,Hosathippasandra,6011.0,165.38,2025-04-01,6022.5,4,
58,Hosathippasandra,6018.0,155.931423,2025-05-01,6022.5,5,165.38
58,Hosathippasandra,6020.0,151.458424,2025-06-01,6022.5,6,155.931423
58,Hosathippasandra,,147.89,2025-07-01,6022.0,7,151.458424
58,Hosathippasandra,,151.59,2025-08-01,6022.0,8,147.89
58,Hosathippasandra,,152.11,2025-09-01,6021.0,9,151.59
58,Hosathippasandra,,146.83,2025-10-01,6024.0,10,152.11
58,Hosathippasandra,,150.16,2025-11-01,6023.0,11,146.83
58,Hosathippasandra,,148.97,2025-12-01,6024.0,12,150.16
80,Hoysalanagar,5472.0,162.83,2025-04-01,5460.0,4,
80,Hoysalanagar,5468.0,161.85611,2025-05-01,5460.0,5,162.83
80,Hoysalanagar,5465.0,154.061095,2025-06-01,5460.0,6,161.85611
80,Hoysalanagar,,158.26,2025-07-01,5464.0,7,154.061095
80,Hoysalanagar,,153.01,2025-08-01,5463.0,8,158.26
80,Hoysalanagar,,154.14,2025-09-01,5460.0,9,153.01
80,Hoysalanagar,,148.51,2025-10-01,5460.0,10,154.14
80,Hoysalanagar,,156.02,2025-11-01,5457.0,11,148.51
80,Hoysalanagar,,148.48,2025-12-01,5457.0,12,156.02
177,J.P.Nagar,5600.0,185.89,2025-04-01,5628.0,4,
177,J.P.Nagar,5605.0,184.008591,2025-05-01,5628.0,5,185.89
177,J.P.Nagar,5613.0,176.659589,2025-06-01,5628.0,6,184.008591
177,J.P.Nagar,,182.44,2025-07-01,5616.0,7,176.659589
177,J.P.Nagar,,176.45,2025-08-01,5627.0,8,182.44
177,J.P.Nagar,,170.82,2025-09-01,5628.0,9,176.45
177,J.P.Nagar,,172.99,2025-10-01,5628.0,10,170.82
177,J.P.Nagar,,166.17,2025-11-01,5637.0,11,172.99
177,J.P.Nagar,,171.22,2025-12-01,5638.0,12,166.17
17,J.P.Park,5728.0,130.19,2025-04-01,5740.0,4,
17,J.P.Park,5734.0,123.920567,2025-05-01,5740.0,5,130.19
17,J.P.Park,5734.0,130.249564,2025-06-01,5740.0,6,123.920567
17,J.P.Park,,125.86,2025-07-01,5734.0,7,130.249564
17,J.P.Park,,129.52,2025-08-01,5739.0,8,125.86
17,J.P.Park,,125.57,2025-09-01,5740.0,9,129.52
17,J.P.Park,,124.53,2025-10-01,5740.0,10,125.57
17,J.P.Park,,127.76,2025-11-01,5743.0,11,124.53
17,J.P.Park,,124.84,2025-12-01,5743.0,12,127.76
136,Jagareevanram Nagar,4825.0,134.73,2025-04-01,4825.0,4,
136,Jagareevanram Nagar,4823.0,129.442654,2025-05-01,4825.0,5,134.73
136,Jagareevanram Nagar,4827.0,131.270654,2025-06-01,4825.0,6,129.442654
136,Jagareevanram Nagar,,126.52,2025-07-01,4823.0,7,131.270654
136,Jagareevanram Nagar,,127.44,2025-08-01,4823.0,8,126.52
136,Jagareevanram Nagar,,127.19,2025-09-01,4825.0,9,127.44
136,Jagareevanram Nagar,,128.92,2025-10-01,4825.0,10,127.19
136,Jagareevanram Nagar,,125.34,2025-11-01,4825.0,11,128.92
136,Jagareevanram Nagar,,126.42,2025-12-01,4825.0,12,125.34
173,Jakkasandra,2844.0,139.54,2025-04-01,2857.0,4,
173,Jakkasandra,2855.0,135.570756,2025-05-01,2857.0,5,139.54
173,Jakkasandra,2855.0,126.029759,2025-06-01,2857.0,6,135.570756
173,Jakkasandra,,139.12,2025-07-01,2856.0,7,126.029759
173,Jakkasandra,,137.82,2025-08-01,2856.0,8,139.12
173,Jakkasandra,,140.99,2025-09-01,2857.0,9,137.82
173,Jakkasandra,,123.25,2025-10-01,2857.0,10,140.99
173,Jakkasandra,,123.23,2025-11-01,2857.0,11,123.25
173,Jakkasandra,,119.82,2025-12-01,2857.0,12,123.23
5,Jakkur,3686.0,117.07,2025-04-01,3913.0,4,
5,Jakkur,3701.0,106.378915,2025-05-01,3913.0,5,117.07
5,Jakkur,3752.0,108.076916,2025-06-01,3913.0,6,106.378915
5,Jakkur,,102.19,2025-07-01,3805.0,7,108.076916
5,Jakkur,,106.07,2025-08-01,3846.0,8,102.19
5,Jakkur,,106.89,2025-09-01,3887.0,9,106.07
5,Jakkur,,109.87,2025-10-01,3939.0,10,106.89
5,Jakkur,,103.18,2025-11-01,3952.0,11,109.87
5,Jakkur,,104.34,2025-12-01,4000.0,12,103.18
16,Jalahalli,3106.0,101.22,2025-04-01,3111.0,4,
16,Jalahalli,3106.0,96.624712,2025-05-01,3111.0,5,101.22
16,Jalahalli,3105.0,94.738711,2025-06-01,3111.0,6,96.624712
16,Jalahalli,,99.09,2025-07-01,3105.0,7,94.738711
16,Jalahalli,,91.56,2025-08-01,3107.0,8,99.09
16,Jalahalli,,91.04,2025-09-01,3111.0,9,91.56
16,Jalahalli,,93.47,2025-10-01,3111.0,10,91.04
16,Jalahalli,,87.82,2025-11-01,3112.0,11,93.47
16,Jalahalli,,94.69,2025-12-01,3113.0,12,87.82
186,Jaraganahalli,3040.0,86.49,2025-04-01,3056.5,4,
186,Jaraganahalli,3042.0,79.164828,2025-05-01,3056.5,5,86.49
186,Jaraganahalli,3043.0,83.844829,2025-06-01,3056.5,6,79.164828
186,Jaraganahalli,,86.76,2025-07-01,3045.0,7,83.844829
186,Jaraganahalli,,86.44,2025-08-01,3051.0,8,86.76
186,Jaraganahalli,,88.07,2025-09-01,3056.0,9,86.44
186,Jaraganahalli,,79.6,2025-10-01,3057.0,10,88.07
186,Jaraganahalli,,80.39,2025-11-01,3058.0,11,79.6
186,Jaraganahalli,,77.16,2025-12-01,3062.0,12,80.39
46,Jayachamarajendra Nagar,5311.0,200.64,2025-04-01,5327.0,4,
46,Jayachamarajendra Nagar,5315.0,194.482461,2025-05-01,5327.0,5,200.64
46,Jayachamarajendra Nagar,5320.0,181.330459,2025-06-01,5327.0,6,194.482461
46,Jayachamarajendra Nagar,,178.24,2025-07-01,5322.0,7,181.330459
46,Jayachamarajendra Nagar,,182.14,2025-08-01,5326.0,8,178.24
46,Jayachamarajendra Nagar,,169.07,2025-09-01,5326.0,9,182.14
46,Jayachamarajendra Nagar,,173.71,2025-10-01,5328.0,10,169.07
46,Jayachamarajendra Nagar,,178.46,2025-11-01,5332.0,11,173.71
46,Jayachamarajendra Nagar,,186.94,2025-12-01,5333.0,12,178.46
63,Jayamahal,3068.0,124.91,2025-04-01,3079.0,4,
63,Jayamahal,3070.0,114.152557,2025-05-01,3079.0,5,124.91
63,Jayamahal,3072.0,119.963553,2025-06-01,3079.0,6,114.152557
63,Jayamahal,,124.13,2025-07-01,3074.0,7,119.963553
63,Jayamahal,,121.23,2025-08-01,3076.0,8,124.13
63,Jayamahal,,130.06,2025-09-01,3080.0,9,121.23
63,Jayamahal,,123.13,2025-10-01,3078.0,10,130.06
63,Jayamahal,,119.99,2025-11-01,3080.0,11,123.13
63,Jayamahal,,121.62,2025-12-01,3081.0,12,119.99
153,Jayanagar,339.0,8.47,2025-04-01,341.5,4,
153,Jayanagar,339.0,8.532939,2025-05-01,341.5,5,8.47
153,Jayanagar,340.0,9.71594,2025-06-01,341.5,6,8.532939
153,Jayanagar,,8.04,2025-07-01,340.0,7,9.71594
153,Jayanagar,,8.28,2025-08-01,340.0,8,8.04
153,Jayanagar,,8.48,2025-09-01,341.0,9,8.28
153,Jayanagar,,8.61,2025-10-01,342.0,10,8.48
153,Jayanagar,,7.95,2025-11-01,342.0,11,8.61
153,Jayanagar,,8.09,2025-12-01,343.0,12,7.95
170,Jayanagar East,3877.0,110.37,2025-04-01,3889.0,4,
170,Jayanagar East,3885.0,106.826715,2025-05-01,3889.0,5,110.37
170,Jayanagar East,3888.0,104.894709,2025-06-01,3889.0,6,106.826715
170,Jayanagar East,,104.22,2025-07-01,3888.0,7,104.894709
170,Jayanagar East,,106.02,2025-08-01,3889.0,8,104.22
170,Jayanagar East,,102.04,2025-09-01,3889.0,9,106.02
170,Jayanagar East,,104.36,2025-10-01,3889.0,10,102.04
170,Jayanagar East,,99.4,2025-11-01,3889.0,11,104.36
170,Jayanagar East,,101.01,2025-12-01,3890.0,12,99.4
153,Jayangar,3638.0,177.0,2025-04-01,3651.0,4,
153,Jayangar,3639.0,177.259488,2025-05-01,3651.0,5,177.0
153,Jayangar,3643.0,168.700485,2025-06-01,3651.0,6,177.259488
153,Jayangar,,166.24,2025-07-01,3643.0,7,168.700485
153,Jayangar,,164.6,2025-08-01,3647.0,8,166.24
153,Jayangar,,160.81,2025-09-01,3651.0,9,164.6
153,Jayangar,,155.41,2025-10-01,3651.0,10,160.81
153,Jayangar,,153.22,2025-11-01,3655.0,11,155.41
153,Jayangar,,147.52,2025-12-01,3655.0,12,153.22
88,Jeevanbhimanagar,6014.0,163.31,2025-04-01,5999.0,4,
88,Jeevanbhimanagar,6009.0,154.661774,2025-05-01,5999.0,5,163.31
88,Jeevanbhimanagar,6008.0,152.305768,2025-06-01,5999.0,6,154.661774
88,Jeevanbhimanagar,,145.13,2025-07-01,6005.0,7,152.305768
88,Jeevanbhimanagar,,150.25,2025-08-01,6001.0,8,145.13
88,Jeevanbhimanagar,,144.95,2025-09-01,5999.0,9,150.25
88,Jeevanbhimanagar,,143.4,2025-10-01,5999.0,10,144.95
88,Jeevanbhimanagar,,142.96,2025-11-01,5997.0,11,143.4
88,Jeevanbhimanagar,,147.8,2025-12-01,5997.0,12,142.96
129,Jnanabharathi ward,13690.0,363.63,2025-04-01,13884.0,4,
129,Jnanabharathi ward,13728.0,345.978554,2025-05-01,13884.0,5,363.63
129,Jnanabharathi ward,13787.0,333.93756,2025-06-01,13884.0,6,345.978554
129,Jnanabharathi ward,,350.11,2025-07-01,13819.0,7,333.93756
129,Jnanabharathi ward,,335.74,2025-08-01,13853.0,8,350.11
129,Jnanabharathi ward,,343.03,2025-09-01,13875.0,9,335.74
129,Jnanabharathi ward,,347.06,2025-10-01,13893.0,10,343.03
129,Jnanabharathi ward,,332.21,2025-11-01,13911.0,11,347.06
129,Jnanabharathi ward,,327.01,2025-12-01,13945.0,12,332.21
89,Jogupalya,4074.0,133.49,2025-04-01,4067.0,4,
89,Jogupalya,4072.0,133.944481,2025-05-01,4067.0,5,133.49
89,Jogupalya,4071.0,128.261486,2025-06-01,4067.0,6,133.944481
89,Jogupalya,,131.16,2025-07-01,4069.0,7,128.261486
89,Jogupalya,,128.8,2025-08-01,4066.0,8,131.16
89,Jogupalya,,128.5,2025-09-01,4065.0,9,128.8
89,Jogupalya,,128.08,2025-10-01,4065.0,10,128.5
89,Jogupalya,,126.72,2025-11-01,4068.0,11,128.08
89,Jogupalya,,126.35,2025-12-01,4068.0,12,126.72
139,K.R. Market,2931.0,53.52,2025-04-01,2928.0,4,
139,K.R. Market,2928.0,51.025021,2025-05-01,2928.0,5,53.52
139,K.R. Market,2928.0,54.062027,2025-06-01,2928.0,6,51.025021
139,K.R. Market,,52.9,2025-07-01,2926.0,7,54.062027
139,K.R. Market,,54.16,2025-08-01,2928.0,8,52.9
139,K.R. Market,,55.12,2025-09-01,2928.0,9,54.16
139,K.R. Market,,53.91,2025-10-01,2928.0,10,55.12
139,K.R. Market,,53.02,2025-11-01,2928.0,11,53.91
139,K.R. Market,,53.29,2025-12-01,2929.0,12,53.02
52,K.R.Puram,8758.0,166.47,2025-04-01,8901.0,4,
52,K.R.Puram,8774.0,160.446882,2025-05-01,8901.0,5,166.47
52,K.R.Puram,8831.0,168.301882,2025-06-01,8901.0,6,160.446882
52,K.R.Puram,,159.87,2025-07-01,8846.0,7,168.301882
52,K.R.Puram,,168.31,2025-08-01,8885.0,8,159.87
52,K.R.Puram,,184.17,2025-09-01,8899.0,9,168.31
52,K.R.Puram,,173.69,2025-10-01,8913.0,10,184.17
52,K.R.Puram,,170.18,2025-11-01,8903.0,11,173.69
52,K.R.Puram,,177.06,2025-12-01,8923.0,12,170.18
29,Kacharakanahalli,4843.0,140.21,2025-04-01,4884.5,4,
29,Kacharakanahalli,4855.0,137.356726,2025-05-01,4884.5,5,140.21
29,Kacharakanahalli,4861.0,134.685729,2025-06-01,4884.5,6,137.356726
29,Kacharakanahalli,,130.62,2025-07-01,4862.0,7,134.685729
29,Kacharakanahalli,,129.55,2025-08-01,4869.0,8,130.62
29,Kacharakanahalli,,131.68,2025-09-01,4884.0,9,129.55
29,Kacharakanahalli,,135.35,2025-10-01,4885.0,10,131.68
29,Kacharakanahalli,,128.1,2025-11-01,4888.0,11,135.35
29,Kacharakanahalli,,127.87,2025-12-01,4890.0,12,128.1
83,Kadugodi,859.0,31.74,2025-04-01,1046.0,4,
83,Kadugodi,893.0,41.809977,2025-05-01,1046.0,5,31.74
83,Kadugodi,937.0,46.608975,2025-06-01,1046.0,6,41.809977
83,Kadugodi,,42.89,2025-07-01,962.0,7,46.608975
83,Kadugodi,,48.08,2025-08-01,1006.0,8,42.89
83,Kadugodi,,41.13,2025-09-01,1038.0,9,48.08
83,Kadugodi,,45.43,2025-10-01,1054.0,10,41.13
83,Kadugodi,,50.9,2025-11-01,1059.0,11,45.43
83,Kadugodi,,51.9,2025-12-01,1060.0,12,50.9
30,Kadugondanahalli,5207.0,137.32,2025-04-01,5140.5,4,
30,Kadugondanahalli,5211.0,137.676756,2025-05-01,5140.5,5,137.32
30,Kadugondanahalli,5210.0,138.964754,2025-06-01,5140.5,6,137.676756
30,Kadugondanahalli,,133.59,2025-07-01,5197.0,7,138.964754
30,Kadugondanahalli,,132.02,2025-08-01,5131.0,8,133.59
30,Kadugondanahalli,,133.41,2025-09-01,5123.0,9,132.02
30,Kadugondanahalli,,132.47,2025-10-01,5128.0,10,133.41
30,Kadugondanahalli,,130.99,2025-11-01,5150.0,11,132.47
30,Kadugondanahalli,,130.74,2025-12-01,5165.0,12,130.99
65,Kadumalleshwara,5599.0,164.13,2025-04-01,5605.0,4,
65,Kadumalleshwara,5601.0,158.470048,2025-05-01,5605.0,5,164.13
65,Kadumalleshwara,5601.0,157.508054,2025-06-01,5605.0,6,158.470048
65,Kadumalleshwara,,157.15,2025-07-01,5603.0,7,157.508054
65,Kadumalleshwara,,159.48,2025-08-01,5605.0,8,157.15
65,Kadumalleshwara,,156.15,2025-09-01,5605.0,9,159.48
65,Kadumalleshwara,,157.28,2025-10-01,5605.0,10,156.15
65,Kadumalleshwara,,157.98,2025-11-01,5613.0,11,157.28
65,Kadumalleshwara,,153.67,2025-12-01,5613.0,12,157.98
101,Kamakshipalya,3679.0,102.95,2025-04-01,3684.5,4,
101,Kamakshipalya,3681.0,101.161744,2025-05-01,3684.5,5,102.95
101,Kamakshipalya,3682.0,95.97975,2025-06-01,3684.5,6,101.161744
101,Kamakshipalya,,95.7,2025-07-01,3682.0,7,95.97975
101,Kamakshipalya,,90.58,2025-08-01,3684.0,8,95.7
101,Kamakshipalya,,91.52,2025-09-01,3684.0,9,90.58
101,Kamakshipalya,,92.55,2025-10-01,3685.0,10,91.52
101,Kamakshipalya,,91.91,2025-11-01,3685.0,11,92.55
101,Kamakshipalya,,88.59,2025-12-01,3685.0,12,91.91
28,Kammanahalli,6629.0,187.25,2025-04-01,6633.0,4,
28,Kammanahalli,6629.0,187.375704,2025-05-01,6633.0,5,187.25
28,Kammanahalli,6628.0,183.093704,2025-06-01,6633.0,6,187.375704
28,Kammanahalli,,175.07,2025-07-01,6633.0,7,183.093704
28,Kammanahalli,,179.32,2025-08-01,6633.0,8,175.07
28,Kammanahalli,,175.17,2025-09-01,6632.0,9,179.32
28,Kammanahalli,,178.29,2025-10-01,6633.0,10,175.17
28,Kammanahalli,,177.04,2025-11-01,6636.0,11,178.29
28,Kammanahalli,,172.53,2025-12-01,6637.0,12,177.04
166,Karisandra,4632.0,124.53,2025-04-01,4642.0,4,
166,Karisandra,4635.0,121.679634,2025-05-01,4642.0,5,124.53
166,Karisandra,4636.0,121.137637,2025-06-01,4642.0,6,121.679634
166,Karisandra,,117.52,2025-07-01,4638.0,7,121.137637
166,Karisandra,,118.67,2025-08-01,4639.0,8,117.52
166,Karisandra,,118.55,2025-09-01,4641.0,9,118.67
166,Karisandra,,114.71,2025-10-01,4643.0,10,118.55
166,Karisandra,,122.42,2025-11-01,4659.0,11,114.71
166,Karisandra,,116.18,2025-12-01,4662.0,12,122.42
163,Katriguppe,6548.0,155.45,2025-04-01,6535.0,4,
163,Katriguppe,6514.0,148.072706,2025-05-01,6535.0,5,155.45
163,Katriguppe,6518.0,146.495708,2025-06-01,6535.0,6,148.072706
163,Katriguppe,,146.18,2025-07-01,6524.0,7,146.495708
163,Katriguppe,,139.75,2025-08-01,6534.0,8,146.18
163,Katriguppe,,144.38,2025-09-01,6535.0,9,139.75
163,Katriguppe,,136.25,2025-10-01,6535.0,10,144.38
163,Katriguppe,,142.62,2025-11-01,6541.0,11,136.25
163,Katriguppe,,136.38,2025-12-01,6542.0,12,142.62
32,Kavalbyrasandra,5575.0,117.82,2025-04-01,5584.5,4,
32,Kavalbyrasandra,5575.0,119.65161,2025-05-01,5584.5,5,117.82
32,Kavalbyrasandra,5576.0,112.744608,2025-06-01,5584.5,6,119.65161
32,Kavalbyrasandra,,108.68,2025-07-01,5577.0,7,112.744608
32,Kavalbyrasandra,,104.02,2025-08-01,5578.0,8,108.68
32,Kavalbyrasandra,,110.15,2025-09-01,5584.0,9,104.02
32,Kavalbyrasandra,,113.52,2025-10-01,5585.0,10,110.15
32,Kavalbyrasandra,,104.36,2025-11-01,5586.0,11,113.52
32,Kavalbyrasandra,,102.56,2025-12-01,5587.0,12,104.36
103,Kaveripura,5038.0,120.28,2025-04-01,5038.0,4,
103,Kaveripura,5036.0,106.625786,2025-05-01,5038.0,5,120.28
103,Kaveripura,5037.0,108.619788,2025-06-01,5038.0,6,106.625786
103,Kaveripura,,105.98,2025-07-01,5037.0,7,108.619788
103,Kaveripura,,104.98,2025-08-01,5038.0,8,105.98
103,Kaveripura,,101.04,2025-09-01,5038.0,9,104.98
103,Kaveripura,,106.78,2025-10-01,5038.0,10,101.04
103,Kaveripura,,98.89,2025-11-01,5039.0,11,106.78
103,Kaveripura,,91.5,2025-12-01,5039.0,12,98.89
122,Kempapura Agrahara,3878.0,86.66,2025-04-01,3925.5,4,
122,Kempapura Agrahara,3880.0,85.911877,2025-05-01,3925.5,5,86.66
122,Kempapura Agrahara,3892.0,88.038879,2025-06-01,3925.5,6,85.911877
122,Kempapura Agrahara,,83.09,2025-07-01,3902.0,7,88.038879
122,Kempapura Agrahara,,86.46,2025-08-01,3912.0,8,83.09
122,Kempapura Agrahara,,86.29,2025-09-01,3924.0,9,86.46
122,Kempapura Agrahara,,84.03,2025-10-01,3927.0,10,86.29
122,Kempapura Agrahara,,86.78,2025-11-01,3933.0,11,84.03
122,Kempapura Agrahara,,85.78,2025-12-01,3939.0,12,86.78
1,Kempegowda Ward,4125.0,114.7,2025-04-01,4301.0,4,
1,Kempegowda Ward,4216.0,117.162903,2025-05-01,4301.0,5,114.7
1,Kempegowda Ward,4218.0,112.883906,2025-06-01,4301.0,6,117.162903
1,Kempegowda Ward,,116.97,2025-07-01,4240.0,7,112.883906
1,Kempegowda Ward,,114.25,2025-08-01,4247.0,8,116.97
1,Kempegowda Ward,,110.18,2025-09-01,4286.0,9,114.25
1,Kempegowda Ward,,105.94,2025-10-01,4316.0,10,110.18
1,Kempegowda Ward,,109.83,2025-11-01,4343.0,11,105.94
1,Kempegowda Ward,,108.77,2025-12-01,4363.0,12,109.83
159,Kengeri,14325.0,289.82,2025-04-01,14551.0,4,
159,Kengeri,14370.0,285.263301,2025-05-01,14551.0,5,289.82
159,Kengeri,14453.0,290.123297,2025-06-01,14551.0,6,285.263301
159,Kengeri,,295.02,2025-07-01,14480.0,7,290.123297
159,Kengeri,,292.22,2025-08-01,14507.0,8,295.02
159,Kengeri,,285.51,2025-09-01,14536.0,9,292.22
159,Kengeri,,291.13,2025-10-01,14566.0,10,285.51
159,Kengeri,,289.01,2025-11-01,14607.0,11,291.13
159,Kengeri,,281.41,2025-12-01,14627.0,12,289.01
8,Kodigehalli,5312.0,145.84,2025-04-01,5413.5,4,
8,Kodigehalli,5326.0,129.718842,2025-05-01,5413.5,5,145.84
8,Kodigehalli,5334.0,134.167843,2025-06-01,5413.5,6,129.718842
8,Kodigehalli,,129.2,2025-07-01,5352.0,7,134.167843
8,Kodigehalli,,127.78,2025-08-01,5392.0,8,129.2
8,Kodigehalli,,130.31,2025-09-01,5408.0,9,127.78
8,Kodigehalli,,132.14,2025-10-01,5419.0,10,130.31
8,Kodigehalli,,128.74,2025-11-01,5425.0,11,132.14
8,Kodigehalli,,161.8,2025-12-01,5441.0,12,128.74
195,Konanakunte,9935.0,308.44,2025-04-01,10226.5,4,
195,Konanakunte,9973.0,295.339582,2025-05-01,10226.5,5,308.44
195,Konanakunte,10054.0,298.778588,2025-06-01,10226.5,6,295.339582
195,Konanakunte,,300.36,2025-07-01,10134.0,7,298.778588
195,Konanakunte,,304.19,2025-08-01,10175.0,8,300.36
195,Konanakunte,,290.48,2025-09-01,10224.0,9,304.19
195,Konanakunte,,283.17,2025-10-01,10229.0,10,290.48
195,Konanakunte,,285.43,2025-11-01,10255.0,11,283.17
195,Konanakunte,,273.6,2025-12-01,10265.0,12,285.43
113,Konena Agrahara,3932.0,131.51,2025-04-01,3939.5,4,
113,Konena Agrahara,3931.0,123.475721,2025-05-01,3939.5,5,131.51
113,Konena Agrahara,3932.0,131.062724,2025-06-01,3939.5,6,123.475721
113,Konena Agrahara,,122.6,2025-07-01,3936.0,7,131.062724
113,Konena Agrahara,,122.02,2025-08-01,3939.0,8,122.6
113,Konena Agrahara,,116.07,2025-09-01,3939.0,9,122.02
113,Konena Agrahara,,120.95,2025-10-01,3940.0,10,116.07
113,Konena Agrahara,,122.7,2025-11-01,3942.0,11,120.95
113,Konena Agrahara,,128.91,2025-12-01,3943.0,12,122.7
151,Koramangala,7103.0,289.52,2025-04-01,7167.0,4,
151,Koramangala,7141.0,293.649218,2025-05-01,7167.0,5,289.52
151,Koramangala,7146.0,290.214217,2025-06-01,7167.0,6,293.649218
151,Koramangala,,307.53,2025-07-01,7152.0,7,290.214217
151,Koramangala,,309.19,2025-08-01,7159.0,8,307.53
151,Koramangala,,308.54,2025-09-01,7165.0,9,309.19
151,Koramangala,,296.7,2025-10-01,7169.0,10,308.54
151,Koramangala,,303.21,2025-11-01,7172.0,11,296.7
151,Koramangala,,309.15,2025-12-01,7175.0,12,303.21
73,Kottigepalya,8428.0,219.85,2025-04-01,8478.5,4,
73,Kottigepalya,8440.0,205.043573,2025-05-01,8478.5,5,219.85
73,Kottigepalya,8452.0,204.271573,2025-06-01,8478.5,6,205.043573
73,Kottigepalya,,203.19,2025-07-01,8460.0,7,204.271573
73,Kottigepalya,,202.67,2025-08-01,8468.0,8,203.19
73,Kottigepalya,,205.34,2025-09-01,8475.0,9,202.67
73,Kottigepalya,,204.53,2025-10-01,8482.0,10,205.34
73,Kottigepalya,,197.78,2025-11-01,8499.0,11,204.53
73,Kottigepalya,,191.19,2025-12-01,8503.0,12,197.78
181,Kumaraswamy Layout,8342.0,284.52,2025-04-01,8407.5,4,
181,Kumaraswamy Layout,8353.0,265.596624,2025-05-01,8407.5,5,284.52
181,Kumaraswamy Layout,8364.0,269.272627,2025-06-01,8407.5,6,265.596624
181,Kumaraswamy Layout,,258.92,2025-07-01,8385.0,7,269.272627
181,Kumaraswamy Layout,,251.3,2025-08-01,8394.0,8,258.92
181,Kumaraswamy Layout,,245.23,2025-09-01,8407.0,9,251.3
181,Kumaraswamy Layout,,252.4,2025-10-01,8408.0,10,245.23
181,Kumaraswamy Layout,,248.83,2025-11-01,8418.0,11,252.4
181,Kumaraswamy Layout,,243.37,2025-12-01,8422.0,12,248.83
31,Kushalnagar,3141.0,57.32,2025-04-01,3144.5,4,
31,Kushalnagar,3145.0,55.447731,2025-05-01,3144.5,5,57.32
31,Kushalnagar,3137.0,58.157739,2025-06-01,3144.5,6,55.447731
31,Kushalnagar,,54.13,2025-07-01,3146.0,7,58.157739
31,Kushalnagar,,56.33,2025-08-01,3147.0,8,54.13
31,Kushalnagar,,56.62,2025-09-01,3144.0,9,56.33
31,Kushalnagar,,55.29,2025-10-01,3144.0,10,56.62
31,Kushalnagar,,55.09,2025-11-01,3145.0,11,55.29
31,Kushalnagar,,55.67,2025-12-01,3143.0,12,55.09
11,Kuvempunagar,4321.0,64.69,2025-04-01,4524.0,4,
11,Kuvempunagar,4379.0,64.060929,2025-05-01,4524.0,5,64.69
11,Kuvempunagar,4395.0,65.055924,2025-06-01,4524.0,6,64.060929
11,Kuvempunagar,,63.2,2025-07-01,4410.0,7,65.055924
11,Kuvempunagar,,60.42,2025-08-01,4462.0,8,63.2
11,Kuvempunagar,,59.51,2025-09-01,4500.0,9,60.42
11,Kuvempunagar,,60.96,2025-10-01,4548.0,10,59.51
11,Kuvempunagar,,64.38,2025-11-01,4578.0,11,60.96
11,Kuvempunagar,,62.83,2025-12-01,4595.0,12,64.38
69,Laggere,10189.0,259.23,2025-04-01,10213.5,4,
69,Laggere,10193.0,249.190249,2025-05-01,10213.5,5,259.23
69,Laggere,10212.0,248.021244,2025-06-01,10213.5,6,249.190249
69,Laggere,,244.65,2025-07-01,10223.0,7,248.021244
69,Laggere,,237.9,2025-08-01,10222.0,8,244.65
69,Laggere,,240.89,2025-09-01,10212.0,9,237.9
69,Laggere,,245.23,2025-10-01,10215.0,10,240.89
69,Laggere,,236.24,2025-11-01,10202.0,11,245.23
69,Laggere,,231.43,2025-12-01,10206.0,12,236.24
146,Lakkasandra,2834.0,104.55,2025-04-01,2834.5,4,
146,Lakkasandra,2834.0,99.351478,2025-05-01,2834.5,5,104.55
146,Lakkasandra,2834.0,95.688479,2025-06-01,2834.5,6,99.351478
146,Lakkasandra,,93.9,2025-07-01,2834.0,7,95.688479
146,Lakkasandra,,98.06,2025-08-01,2834.0,8,93.9
146,Lakkasandra,,96.8,2025-09-01,2834.0,9,98.06
146,Lakkasandra,,98.01,2025-10-01,2835.0,10,96.8
146,Lakkasandra,,93.78,2025-11-01,2835.0,11,98.01
146,Lakkasandra,,91.94,2025-12-01,2836.0,12,93.78
42,Lakshmidevinagar,5139.0,115.56,2025-04-01,5146.5,4,
42,Lakshmidevinagar,5139.0,110.827626,2025-05-01,5146.5,5,115.56
42,Lakshmidevinagar,5141.0,105.117626,2025-06-01,5146.5,6,110.827626
42,Lakshmidevinagar,,108.79,2025-07-01,5145.0,7,105.117626
42,Lakshmidevinagar,,106.77,2025-08-01,5147.0,8,108.79
42,Lakshmidevinagar,,109.61,2025-09-01,5146.0,9,106.77
42,Lakshmidevinagar,,104.97,2025-10-01,5146.0,10,109.61
42,Lakshmidevinagar,,101.78,2025-11-01,5148.0,11,104.97
42,Lakshmidevinagar,,106.71,2025-12-01,5151.0,12,101.78
49,Lingarajapura,5704.0,98.9,2025-04-01,5745.0,4,
49,Lingarajapura,5709.0,99.4827,2025-05-01,5745.0,5,98.9
49,Lingarajapura,5721.0,95.288697,2025-06-01,5745.0,6,99.4827
49,Lingarajapura,,92.37,2025-07-01,5728.0,7,95.288697
49,Lingarajapura,,95.74,2025-08-01,5742.0,8,92.37
49,Lingarajapura,,97.06,2025-09-01,5745.0,9,95.74
49,Lingarajapura,,95.45,2025-10-01,5745.0,10,97.06
49,Lingarajapura,,97.35,2025-11-01,5749.0,11,95.45
49,Lingarajapura,,94.67,2025-12-01,5749.0,12,97.35
172,Madiwala,5543.0,174.18,2025-04-01,5588.0,4,
172,Madiwala,5565.0,174.516595,2025-05-01,5588.0,5,174.18
172,Madiwala,5570.0,173.184595,2025-06-01,5588.0,6,174.516595
172,Madiwala,,165.32,2025-07-01,5575.0,7,173.184595
172,Madiwala,,171.58,2025-08-01,5580.0,8,165.32
172,Madiwala,,171.32,2025-09-01,5582.0,9,171.58
172,Madiwala,,167.38,2025-10-01,5594.0,10,171.32
172,Madiwala,,167.63,2025-11-01,5600.0,11,167.38
172,Madiwala,,171.04,2025-12-01,5605.0,12,167.63
68,Mahalakshmipuram,5083.0,138.51,2025-04-01,5099.0,4,
68,Mahalakshmipuram,5090.0,131.653722,2025-05-01,5099.0,5,138.51
68,Mahalakshmipuram,5090.0,119.764729,2025-06-01,5099.0,6,131.653722
68,Mahalakshmipuram,,118.59,2025-07-01,5092.0,7,119.764729
68,Mahalakshmipuram,,136.54,2025-08-01,5094.0,8,118.59
68,Mahalakshmipuram,,121.64,2025-09-01,5099.0,9,136.54
68,Mahalakshmipuram,,127.85,2025-10-01,5099.0,10,121.64
68,Mahalakshmipuram,,115.73,2025-11-01,5105.0,11,127.85
68,Mahalakshmipuram,,118.75,2025-12-01,5105.0,12,115.73
13,Mallasandra,4475.0,80.07,2025-04-01,4531.5,4,
13,Mallasandra,4488.0,75.69585,2025-05-01,4531.5,5,80.07
13,Mallasandra,4505.0,74.839848,2025-06-01,4531.5,6,75.69585
13,Mallasandra,,75.36,2025-07-01,4514.0,7,74.839848
13,Mallasandra,,72.75,2025-08-01,4524.0,8,75.36
13,Mallasandra,,61.51,2025-09-01,4531.0,9,72.75
13,Mallasandra,,72.66,2025-10-01,4532.0,10,61.51
13,Mallasandra,,64.13,2025-11-01,4538.0,11,72.66
13,Mallasandra,,60.65,2025-12-01,4541.0,12,64.13
45,Malleshwaram,3649.0,111.08,2025-04-01,3656.0,4,
45,Malleshwaram,3652.0,110.049451,2025-05-01,3656.0,5,111.08
45,Malleshwaram,3652.0,105.58145,2025-06-01,3656.0,6,110.049451
45,Malleshwaram,,109.39,2025-07-01,3655.0,7,105.58145
45,Malleshwaram,,108.38,2025-08-01,3656.0,8,109.39
45,Malleshwaram,,109.03,2025-09-01,3655.0,9,108.38
45,Malleshwaram,,110.46,2025-10-01,3656.0,10,109.03
45,Malleshwaram,,107.7,2025-11-01,3656.0,11,110.46
45,Malleshwaram,,106.15,2025-12-01,3656.0,12,107.7
190,Mangammanapalya,3166.0,91.17,2025-04-01,3296.5,4,
190,Mangammanapalya,3197.0,90.89089,2025-05-01,3296.5,5,91.17
190,Mangammanapalya,3214.0,91.500888,2025-06-01,3296.5,6,90.89089
190,Mangammanapalya,,93.8,2025-07-01,3235.0,7,91.500888
190,Mangammanapalya,,99.93,2025-08-01,3251.0,8,93.8
190,Mangammanapalya,,96.58,2025-09-01,3293.0,9,99.93
190,Mangammanapalya,,94.13,2025-10-01,3300.0,10,96.58
190,Mangammanapalya,,91.68,2025-11-01,3323.0,11,94.13
190,Mangammanapalya,,88.72,2025-12-01,3334.0,12,91.68
33,Manorayanapalya,2646.0,58.59,2025-04-01,2689.5,4,
33,Manorayanapalya,2656.0,61.842865,2025-05-01,2689.5,5,58.59
33,Manorayanapalya,2664.0,59.735868,2025-06-01,2689.5,6,61.842865
33,Manorayanapalya,,59.46,2025-07-01,2673.0,7,59.735868
33,Manorayanapalya,,59.74,2025-08-01,2682.0,8,59.46
33,Manorayanapalya,,61.86,2025-09-01,2689.0,9,59.74
33,Manorayanapalya,,62.38,2025-10-01,2690.0,10,61.86
33,Manorayanapalya,,61.39,2025-11-01,2705.0,11,62.38
33,Manorayanapalya,,59.9,2025-12-01,2706.0,12,61.39
44,Marappanahalli,4440.0,128.2,2025-04-01,4442.5,4,
44,Marappanahalli,4440.0,125.935334,2025-05-01,4442.5,5,128.2
44,Marappanahalli,4439.0,124.247324,2025-06-01,4442.5,6,125.935334
44,Marappanahalli,,118.27,2025-07-01,4440.0,7,124.247324
44,Marappanahalli,,122.21,2025-08-01,4441.0,8,118.27
44,Marappanahalli,,119.93,2025-09-01,4442.0,9,122.21
44,Marappanahalli,,120.84,2025-10-01,4443.0,10,119.93
44,Marappanahalli,,115.24,2025-11-01,4444.0,11,120.84
44,Marappanahalli,,114.06,2025-12-01,4444.0,12,115.24
86,Marathalli,4521.0,158.91,2025-04-01,4710.5,4,
86,Marathalli,4552.0,152.061627,2025-05-01,4710.5,5,158.91
86,Marathalli,4592.0,158.856624,2025-06-01,4710.5,6,152.061627
86,Marathalli,,156.44,2025-07-01,4632.0,7,158.856624
86,Marathalli,,159.32,2025-08-01,4669.0,8,156.44
86,Marathalli,,159.59,2025-09-01,4706.0,9,159.32
86,Marathalli,,159.4,2025-10-01,4715.0,10,159.59
86,Marathalli,,177.27,2025-11-01,4726.0,11,159.4
86,Marathalli,,176.98,2025-12-01,4734.0,12,177.27
125,Marenahalli,3378.0,94.62,2025-04-01,3418.0,4,
125,Marenahalli,3389.0,90.983812,2025-05-01,3418.0,5,94.62
125,Marenahalli,3389.0,94.15481,2025-06-01,3418.0,6,90.983812
125,Marenahalli,,90.52,2025-07-01,3392.0,7,94.15481
125,Marenahalli,,92.27,2025-08-01,3408.0,8,90.52
125,Marenahalli,,87.45,2025-09-01,3416.0,9,92.27
125,Marenahalli,,91.17,2025-10-01,3421.0,10,87.45
125,Marenahalli,,87.89,2025-11-01,3420.0,11,91.17
125,Marenahalli,,83.52,2025-12-01,3424.0,12,87.89
126,Maruthi Mandira Ward,4020.0,108.37,2025-04-01,4024.0,4,
126,Maruthi Mandira Ward,4021.0,104.771818,2025-05-01,4024.0,5,108.37
126,Maruthi Mandira Ward,4021.0,101.675819,2025-06-01,4024.0,6,104.771818
126,Maruthi Mandira Ward,,100.01,2025-07-01,4023.0,7,101.675819
126,Maruthi Mandira Ward,,101.94,2025-08-01,4024.0,8,100.01
126,Maruthi Mandira Ward,,97.18,2025-09-01,4024.0,9,101.94
126,Maruthi Mandira Ward,,101.59,2025-10-01,4024.0,10,97.18
126,Maruthi Mandira Ward,,93.95,2025-11-01,4023.0,11,101.59
126,Maruthi Mandira Ward,,88.05,2025-12-01,4024.0,12,93.95
59,Maruthiseva Nagar,5621.0,164.06,2025-04-01,5584.5,4,
59,Maruthiseva Nagar,5620.0,164.620274,2025-05-01,5584.5,5,164.06
59,Maruthiseva Nagar,5577.0,161.298277,2025-06-01,5584.5,6,164.620274
59,Maruthiseva Nagar,,155.69,2025-07-01,5580.0,7,161.298277
59,Maruthiseva Nagar,,162.23,2025-08-01,5585.0,8,155.69
59,Maruthiseva Nagar,,160.76,2025-09-01,5584.0,9,162.23
59,Maruthiseva Nagar,,153.86,2025-10-01,5583.0,10,160.76
59,Maruthiseva Nagar,,157.83,2025-11-01,5585.0,11,153.86
59,Maruthiseva Nagar,,152.75,2025-12-01,5586.0,12,157.83
36,Mathikere,4132.0,93.11,2025-04-01,4147.0,4,
36,Mathikere,4135.0,87.519487,2025-05-01,4147.0,5,93.11
36,Mathikere,4135.0,90.985492,2025-06-01,4147.0,6,87.519487
36,Mathikere,,86.16,2025-07-01,4139.0,7,90.985492
36,Mathikere,,85.1,2025-08-01,4142.0,8,86.16
36,Mathikere,,89.07,2025-09-01,4147.0,9,85.1
36,Mathikere,,90.72,2025-10-01,4147.0,10,89.07
36,Mathikere,,88.77,2025-11-01,4150.0,11,90.72
36,Mathikere,,86.95,2025-12-01,4153.0,12,88.77
127,Moodalapalya,5827.0,147.14,2025-04-01,5870.5,4,
127,Moodalapalya,5838.0,134.324715,2025-05-01,5870.5,5,147.14
127,Moodalapalya,5843.0,134.363714,2025-06-01,5870.5,6,134.324715
127,Moodalapalya,,125.66,2025-07-01,5848.0,7,134.363714
127,Moodalapalya,,129.0,2025-08-01,5865.0,8,125.66
127,Moodalapalya,,126.05,2025-09-01,5868.0,9,129.0
127,Moodalapalya,,132.96,2025-10-01,5873.0,10,126.05
127,Moodalapalya,,122.21,2025-11-01,5877.0,11,132.96
127,Moodalapalya,,118.08,2025-12-01,5878.0,12,122.21
48,Muneshwaranagar,2190.0,36.97,2025-04-01,2195.5,4,
48,Muneshwaranagar,2197.0,36.84481,2025-05-01,2195.5,5,36.97
48,Muneshwaranagar,2197.0,37.13181,2025-06-01,2195.5,6,36.84481
48,Muneshwaranagar,,36.37,2025-07-01,2198.0,7,37.13181
48,Muneshwaranagar,,35.95,2025-08-01,2196.0,8,36.37
48,Muneshwaranagar,,36.43,2025-09-01,2195.0,9,35.95
48,Muneshwaranagar,,35.9,2025-10-01,2194.0,10,36.43
48,Muneshwaranagar,,36.22,2025-11-01,2196.0,11,35.9
48,Muneshwaranagar,,35.97,2025-12-01,2193.0,12,36.22
67,Nagapura,5780.0,189.79,2025-04-01,5798.0,4,
67,Nagapura,5781.0,178.880286,2025-05-01,5798.0,5,189.79
67,Nagapura,5780.0,176.13729,2025-06-01,5798.0,6,178.880286
67,Nagapura,,175.92,2025-07-01,5786.0,7,176.13729
67,Nagapura,,178.21,2025-08-01,5795.0,8,175.92
67,Nagapura,,175.67,2025-09-01,5798.0,9,178.21
67,Nagapura,,171.57,2025-10-01,5798.0,10,175.67
67,Nagapura,,173.28,2025-11-01,5804.0,11,171.57
67,Nagapura,,170.04,2025-12-01,5804.0,12,173.28
128,Nagarabhavi,10788.0,281.93,2025-04-01,10879.0,4,
128,Nagarabhavi,10806.0,269.50334,2025-05-01,10879.0,5,281.93
128,Nagarabhavi,10830.0,260.820342,2025-06-01,10879.0,6,269.50334
128,Nagarabhavi,,266.41,2025-07-01,10844.0,7,260.820342
128,Nagarabhavi,,256.96,2025-08-01,10860.0,8,266.41
128,Nagarabhavi,,256.6,2025-09-01,10873.0,9,256.96
128,Nagarabhavi,,263.7,2025-10-01,10885.0,10,256.6
128,Nagarabhavi,,252.34,2025-11-01,10907.0,11,263.7
128,Nagarabhavi,,252.54,2025-12-01,10914.0,12,252.34
23,Nagavara,9013.0,199.59,2025-04-01,9156.0,4,
23,Nagavara,9030.0,198.581714,2025-05-01,9156.0,5,199.59
23,Nagavara,9052.0,198.719715,2025-06-01,9156.0,6,198.581714
23,Nagavara,,185.53,2025-07-01,9077.0,7,198.719715
23,Nagavara,,190.71,2025-08-01,9071.0,8,185.53
23,Nagavara,,191.31,2025-09-01,9152.0,9,190.71
23,Nagavara,,193.21,2025-10-01,9172.0,10,191.31
23,Nagavara,,186.34,2025-11-01,9160.0,11,193.21
23,Nagavara,,182.66,2025-12-01,9181.0,12,186.34
43,Nandini Layout,6431.0,162.55,2025-04-01,6455.5,4,
43,Nandini Layout,6435.0,157.265414,2025-05-01,6455.5,5,162.55
43,Nandini Layout,6437.0,154.325416,2025-06-01,6455.5,6,157.265414
43,Nandini Layout,,152.39,2025-07-01,6443.0,7,154.325416
43,Nandini Layout,,157.67,2025-08-01,6449.0,8,152.39
43,Nandini Layout,,154.79,2025-09-01,6453.0,9,157.67
43,Nandini Layout,,152.47,2025-10-01,6458.0,10,154.79
43,Nandini Layout,,137.02,2025-11-01,6462.0,11,152.47
43,Nandini Layout,,140.07,2025-12-01,6462.0,12,137.02
131,Nayandanahalli,4328.0,139.38,2025-04-01,4376.5,4,
131,Nayandanahalli,4342.0,127.168738,2025-05-01,4376.5,5,139.38
131,Nayandanahalli,4349.0,124.739735,2025-06-01,4376.5,6,127.168738
131,Nayandanahalli,,125.09,2025-07-01,4357.0,7,124.739735
131,Nayandanahalli,,112.63,2025-08-01,4367.0,8,125.09
131,Nayandanahalli,,115.1,2025-09-01,4372.0,9,112.63
131,Nayandanahalli,,118.56,2025-10-01,4381.0,10,115.1
131,Nayandanahalli,,115.32,2025-11-01,4382.0,11,118.56
131,Nayandanahalli,,115.58,2025-12-01,4391.0,12,115.32
116,Neelasandra,2635.0,63.04,2025-04-01,2647.0,4,
116,Neelasandra,2637.0,63.282671,2025-05-01,2647.0,5,63.04
116,Neelasandra,2639.0,63.21267,2025-06-01,2647.0,6,63.282671
116,Neelasandra,,62.12,2025-07-01,2641.0,7,63.21267
116,Neelasandra,,60.85,2025-08-01,2644.0,8,62.12
116,Neelasandra,,63.31,2025-09-01,2646.0,9,60.85
116,Neelasandra,,62.94,2025-10-01,2648.0,10,63.31
116,Neelasandra,,61.08,2025-11-01,2650.0,11,62.94
116,Neelasandra,,61.44,2025-12-01,2650.0,12,61.08
96,Okalipuram,3416.0,139.88,2025-04-01,3419.0,4,
96,Okalipuram,3419.0,141.619605,2025-05-01,3419.0,5,139.88
96,Okalipuram,3419.0,131.033607,2025-06-01,3419.0,6,141.619605
96,Okalipuram,,141.04,2025-07-01,3419.0,7,131.033607
96,Okalipuram,,138.33,2025-08-01,3419.0,8,141.04
96,Okalipuram,,147.62,2025-09-01,3419.0,9,138.33
96,Okalipuram,,144.34,2025-10-01,3419.0,10,147.62
96,Okalipuram,,143.91,2025-11-01,3420.0,11,144.34
96,Okalipuram,,148.4,2025-12-01,3420.0,12,143.91
135,Padarayanapura,2000.0,73.7,2025-04-01,2031.0,4,
135,Padarayanapura,2026.0,72.685915,2025-05-01,2031.0,5,73.7
135,Padarayanapura,2027.0,73.043915,2025-06-01,2031.0,6,72.685915
135,Padarayanapura,,71.03,2025-07-01,2028.0,7,73.043915
135,Padarayanapura,,70.16,2025-08-01,2029.0,8,71.03
135,Padarayanapura,,70.72,2025-09-01,2031.0,9,70.16
135,Padarayanapura,,70.16,2025-10-01,2031.0,10,70.72
135,Padarayanapura,,69.79,2025-11-01,2031.0,11,70.16
135,Padarayanapura,,69.19,2025-12-01,2031.0,12,69.79
182,Padmanabhanagar,6033.0,193.94,2025-04-01,6044.5,4,
182,Padmanabhanagar,6033.0,181.428747,2025-05-01,6044.5,5,193.94
182,Padmanabhanagar,6036.0,184.283748,2025-06-01,6044.5,6,181.428747
182,Padmanabhanagar,,177.66,2025-07-01,6043.0,7,184.283748
182,Padmanabhanagar,,176.67,2025-08-01,6044.0,8,177.66
182,Padmanabhanagar,,173.6,2025-09-01,6045.0,9,176.67
182,Padmanabhanagar,,172.77,2025-10-01,6043.0,10,173.6
182,Padmanabhanagar,,168.61,2025-11-01,6045.0,11,172.77
182,Padmanabhanagar,,164.1,2025-12-01,6046.0,12,168.61
168,Pattabhiramnagar,4307.0,150.94,2025-04-01,4306.0,4,
168,Pattabhiramnagar,4310.0,143.078301,2025-05-01,4306.0,5,150.94
168,Pattabhiramnagar,4302.0,151.57331,2025-06-01,4306.0,6,143.078301
168,Pattabhiramnagar,,147.42,2025-07-01,4303.0,7,151.57331
168,Pattabhiramnagar,,148.22,2025-08-01,4306.0,8,147.42
168,Pattabhiramnagar,,138.14,2025-09-01,4306.0,9,148.22
168,Pattabhiramnagar,,143.73,2025-10-01,4306.0,10,138.14
168,Pattabhiramnagar,,139.63,2025-11-01,4312.0,11,143.73
168,Pattabhiramnagar,,140.81,2025-12-01,4312.0,12,139.63
41,Peenya Industrial Area,6934.0,206.45,2025-04-01,8692.5,4,
41,Peenya Industrial Area,7180.0,200.330235,2025-05-01,8692.5,5,206.45
41,Peenya Industrial Area,7549.0,195.207224,2025-06-01,8692.5,6,200.330235
41,Peenya Industrial Area,,205.09,2025-07-01,7930.0,7,195.207224
41,Peenya Industrial Area,,204.09,2025-08-01,8192.0,8,205.09
41,Peenya Industrial Area,,204.85,2025-09-01,8500.0,9,204.09
41,Peenya Industrial Area,,210.44,2025-10-01,8885.0,10,204.85
41,Peenya Industrial Area,,215.29,2025-11-01,9261.0,11,210.44
41,Peenya Industrial Area,,223.06,2025-12-01,9457.0,12,215.29
98,Prakashnagar,3074.0,82.36,2025-04-01,3075.0,4,
98,Prakashnagar,3075.0,79.914633,2025-05-01,3075.0,5,82.36
98,Prakashnagar,3074.0,82.649624,2025-06-01,3075.0,6,79.914633
98,Prakashnagar,,84.73,2025-07-01,3074.0,7,82.649624
98,Prakashnagar,,80.42,2025-08-01,3074.0,8,84.73
98,Prakashnagar,,80.88,2025-09-01,3075.0,9,80.42
98,Prakashnagar,,79.81,2025-10-01,3075.0,10,80.88
98,Prakashnagar,,77.04,2025-11-01,3076.0,11,79.81
98,Prakashnagar,,79.8,2025-12-01,3076.0,12,77.04
78,Pulikeshinagar,3585.0,122.16,2025-04-01,3584.0,4,
78,Pulikeshinagar,3600.0,119.374291,2025-05-01,3584.0,5,122.16
78,Pulikeshinagar,3576.0,118.685301,2025-06-01,3584.0,6,119.374291
78,Pulikeshinagar,,117.11,2025-07-01,3577.0,7,118.685301
78,Pulikeshinagar,,120.35,2025-08-01,3573.0,8,117.11
78,Pulikeshinagar,,116.91,2025-09-01,3591.0,9,120.35
78,Pulikeshinagar,,117.48,2025-10-01,3573.0,10,116.91
78,Pulikeshinagar,,120.07,2025-11-01,3597.0,11,117.48
78,Pulikeshinagar,,117.74,2025-12-01,3612.0,12,120.07
187,Puttenahalli,4568.0,156.11,2025-04-01,4660.0,4,
187,Puttenahalli,4586.0,153.1398,2025-05-01,4660.0,5,156.11
187,Puttenahalli,4605.0,155.1418,2025-06-01,4660.0,6,153.1398
187,Puttenahalli,,156.49,2025-07-01,4625.0,7,155.1418
187,Puttenahalli,,152.58,2025-08-01,4641.0,8,156.49
187,Puttenahalli,,153.79,2025-09-01,4659.0,9,152.58
187,Puttenahalli,,148.62,2025-10-01,4661.0,10,153.79
187,Puttenahalli,,147.36,2025-11-01,4672.0,11,148.62
187,Puttenahalli,,151.27,2025-12-01,4682.0,12,147.36
18,Radhakrishna Temple Ward,5517.0,104.81,2025-04-01,5517.0,4,
18,Radhakrishna Temple Ward,5518.0,99.818419,2025-05-01,5517.0,5,104.81
18,Radhakrishna Temple Ward,5520.0,100.244418,2025-06-01,5517.0,6,99.818419
18,Radhakrishna Temple Ward,,98.61,2025-07-01,5515.0,7,100.244418
18,Radhakrishna Temple Ward,,97.96,2025-08-01,5517.0,8,98.61
18,Radhakrishna Temple Ward,,95.92,2025-09-01,5516.0,9,97.96
18,Radhakrishna Temple Ward,,97.15,2025-10-01,5517.0,10,95.92
18,Radhakrishna Temple Ward,,94.2,2025-11-01,5517.0,11,97.15
18,Radhakrishna Temple Ward,,95.24,2025-12-01,5517.0,12,94.2
70,Rajagopalanagar,8212.0,209.44,2025-04-01,8316.5,4,
70,Rajagopalanagar,8234.0,207.697362,2025-05-01,8316.5,5,209.44
70,Rajagopalanagar,8244.0,201.164368,2025-06-01,8316.5,6,207.697362
70,Rajagopalanagar,,203.46,2025-07-01,8274.0,7,201.164368
70,Rajagopalanagar,,188.28,2025-08-01,8295.0,8,203.46
70,Rajagopalanagar,,191.6,2025-09-01,8315.0,9,188.28
70,Rajagopalanagar,,195.03,2025-10-01,8318.0,10,191.6
70,Rajagopalanagar,,198.3,2025-11-01,8339.0,11,195.03
70,Rajagopalanagar,,186.01,2025-12-01,8344.0,12,198.3
99,Rajajinagar,3908.0,119.79,2025-04-01,3937.5,4,
99,Rajajinagar,3914.0,111.847578,2025-05-01,3937.5,5,119.79
99,Rajajinagar,3920.0,115.832573,2025-06-01,3937.5,6,111.847578
99,Rajajinagar,,113.8,2025-07-01,3922.0,7,115.832573
99,Rajajinagar,,113.56,2025-08-01,3929.0,8,113.8
99,Rajajinagar,,115.42,2025-09-01,3937.0,9,113.56
99,Rajajinagar,,115.02,2025-10-01,3938.0,10,115.42
99,Rajajinagar,,113.88,2025-11-01,3945.0,11,115.02
99,Rajajinagar,,109.53,2025-12-01,3945.0,12,113.88
64,Rajamahal,3690.0,95.26,2025-04-01,3694.0,4,
64,Rajamahal,3692.0,89.709442,2025-05-01,3694.0,5,95.26
64,Rajamahal,3692.0,92.203438,2025-06-01,3694.0,6,89.709442
64,Rajamahal,,90.71,2025-07-01,3693.0,7,92.203438
64,Rajamahal,,90.22,2025-08-01,3692.0,8,90.71
64,Rajamahal,,90.74,2025-09-01,3694.0,9,90.22
64,Rajamahal,,91.82,2025-10-01,3694.0,10,90.74
64,Rajamahal,,89.71,2025-11-01,3698.0,11,91.82
64,Rajamahal,,88.25,2025-12-01,3698.0,12,89.71
160,Rajarajeshwarinagar,16092.0,466.92,2025-04-01,16623.0,4,
160,Rajarajeshwarinagar,16178.0,461.200442,2025-05-01,16623.0,5,466.92
160,Rajarajeshwarinagar,16297.0,454.761435,2025-06-01,16623.0,6,461.200442
160,Rajarajeshwarinagar,,452.87,2025-07-01,16368.0,7,454.761435
160,Rajarajeshwarinagar,,456.39,2025-08-01,16505.0,8,452.87
160,Rajarajeshwarinagar,,472.05,2025-09-01,16579.0,9,456.39
160,Rajarajeshwarinagar,,454.7,2025-10-01,16667.0,10,472.05
160,Rajarajeshwarinagar,,440.4,2025-11-01,16692.0,11,454.7
160,Rajarajeshwarinagar,,425.91,2025-12-01,16762.0,12,440.4
26,Ramamurthynagar,9245.0,259.71,2025-04-01,9520.0,4,
26,Ramamurthynagar,9275.0,258.446783,2025-05-01,9520.0,5,259.71
26,Ramamurthynagar,9330.0,263.872784,2025-06-01,9520.0,6,258.446783
26,Ramamurthynagar,,255.89,2025-07-01,9438.0,7,263.872784
26,Ramamurthynagar,,264.97,2025-08-01,9483.0,8,255.89
26,Ramamurthynagar,,256.1,2025-09-01,9508.0,9,264.97
26,Ramamurthynagar,,251.91,2025-10-01,9532.0,10,256.1
26,Ramamurthynagar,,248.54,2025-11-01,9536.0,11,251.91
26,Ramamurthynagar,,252.86,2025-12-01,9555.0,12,248.54
62,Ramaswamy palya,3129.0,83.76,2025-04-01,3128.0,4,
62,Ramaswamy palya,3129.0,78.322695,2025-05-01,3128.0,5,83.76
62,Ramaswamy palya,3129.0,78.750696,2025-06-01,3128.0,6,78.322695
62,Ramaswamy palya,,76.24,2025-07-01,3129.0,7,78.750696
62,Ramaswamy palya,,78.46,2025-08-01,3129.0,8,76.24
62,Ramaswamy palya,,79.08,2025-09-01,3128.0,9,78.46
62,Ramaswamy palya,,77.23,2025-10-01,3125.0,10,79.08
62,Ramaswamy palya,,74.85,2025-11-01,3128.0,11,77.23
62,Ramaswamy palya,,75.08,2025-12-01,3128.0,12,74.85
137,Rayapuram,3451.0,88.18,2025-04-01,3456.0,4,
137,Rayapuram,3459.0,82.687897,2025-05-01,3456.0,5,88.18
137,Rayapuram,3459.0,81.732898,2025-06-01,3456.0,6,82.687897
137,Rayapuram,,81.85,2025-07-01,3460.0,7,81.732898
137,Rayapuram,,79.12,2025-08-01,3460.0,8,81.85
137,Rayapuram,,78.64,2025-09-01,3456.0,9,79.12
137,Rayapuram,,78.6,2025-10-01,3456.0,10,78.64
137,Rayapuram,,77.16,2025-11-01,3456.0,11,78.6
137,Rayapuram,,76.35,2025-12-01,3456.0,12,77.16
61,S.K. Garden,2886.0,83.86,2025-04-01,2881.5,4,
61,S.K. Garden,2885.0,82.263737,2025-05-01,2881.5,5,83.86
61,S.K. Garden,2880.0,79.395742,2025-06-01,2881.5,6,82.263737
61,S.K. Garden,,78.04,2025-07-01,2881.0,7,79.395742
61,S.K. Garden,,77.56,2025-08-01,2881.0,8,78.04
61,S.K. Garden,,78.01,2025-09-01,2882.0,9,77.56
61,S.K. Garden,,78.35,2025-10-01,2872.0,10,78.01
61,S.K. Garden,,79.3,2025-11-01,2882.0,11,78.35
61,S.K. Garden,,77.51,2025-12-01,2882.0,12,79.3
60,Sagayapuram,4404.0,100.83,2025-04-01,4267.0,4,
60,Sagayapuram,4413.0,97.762688,2025-05-01,4267.0,5,100.83
60,Sagayapuram,4406.0,98.364688,2025-06-01,4267.0,6,97.762688
60,Sagayapuram,,95.06,2025-07-01,4397.0,7,98.364688
60,Sagayapuram,,96.18,2025-08-01,4264.0,8,95.06
60,Sagayapuram,,96.82,2025-09-01,4265.0,9,96.18
60,Sagayapuram,,92.31,2025-10-01,4264.0,10,96.82
60,Sagayapuram,,94.35,2025-11-01,4269.0,11,92.31
60,Sagayapuram,,93.08,2025-12-01,4272.0,12,94.35
110,Sampangiramnagar,3021.0,137.8,2025-04-01,3014.5,4,
110,Sampangiramnagar,3008.0,131.926355,2025-05-01,3014.5,5,137.8
110,Sampangiramnagar,3008.0,132.975356,2025-06-01,3014.5,6,131.926355
110,Sampangiramnagar,,128.36,2025-07-01,3009.0,7,132.975356
110,Sampangiramnagar,,130.95,2025-08-01,3009.0,8,128.36
110,Sampangiramnagar,,132.59,2025-09-01,3014.0,9,130.95
110,Sampangiramnagar,,128.58,2025-10-01,3015.0,10,132.59
110,Sampangiramnagar,,129.74,2025-11-01,3019.0,11,128.58
110,Sampangiramnagar,,130.7,2025-12-01,3020.0,12,129.74
19,Sanjaynagar,5795.0,83.49,2025-04-01,5823.0,4,
19,Sanjaynagar,5805.0,81.705648,2025-05-01,5823.0,5,83.49
19,Sanjaynagar,5805.0,85.176647,2025-06-01,5823.0,6,81.705648
19,Sanjaynagar,,83.11,2025-07-01,5815.0,7,85.176647
19,Sanjaynagar,,86.78,2025-08-01,5815.0,8,83.11
19,Sanjaynagar,,84.67,2025-09-01,5823.0,9,86.78
19,Sanjaynagar,,84.25,2025-10-01,5823.0,10,84.67
19,Sanjaynagar,,86.5,2025-11-01,5830.0,11,84.25
19,Sanjaynagar,,88.93,2025-12-01,5830.0,12,86.5
178,Sarakki,5634.0,185.99,2025-04-01,5622.0,4,
178,Sarakki,5625.0,177.076511,2025-05-01,5622.0,5,185.99
178,Sarakki,5619.0,177.153531,2025-06-01,5622.0,6,177.076511
178,Sarakki,,177.23,2025-07-01,5621.0,7,177.153531
178,Sarakki,,178.4,2025-08-01,5620.0,8,177.23
178,Sarakki,,177.68,2025-09-01,5622.0,9,178.4
178,Sarakki,,170.79,2025-10-01,5622.0,10,177.68
178,Sarakki,,170.3,2025-11-01,5626.0,11,170.79
178,Sarakki,,175.18,2025-12-01,5626.0,12,170.3
79,Sarvagnanagar,3457.0,82.76,2025-04-01,3435.0,4,
79,Sarvagnanagar,3447.0,79.854556,2025-05-01,3435.0,5,82.76
79,Sarvagnanagar,3434.0,79.998555,2025-06-01,3435.0,6,79.854556
79,Sarvagnanagar,,81.21,2025-07-01,3431.0,7,79.998555
79,Sarvagnanagar,,78.55,2025-08-01,3435.0,8,81.21
79,Sarvagnanagar,,77.39,2025-09-01,3443.0,9,78.55
79,Sarvagnanagar,,76.87,2025-10-01,3436.0,10,77.39
79,Sarvagnanagar,,76.67,2025-11-01,3435.0,11,76.87
79,Sarvagnanagar,,76.81,2025-12-01,3431.0,12,76.67
179,Shakambarinagar,3777.0,120.01,2025-04-01,3777.0,4,
179,Shakambarinagar,3775.0,113.926578,2025-05-01,3777.0,5,120.01
179,Shakambarinagar,3774.0,113.19858,2025-06-01,3777.0,6,113.926578
179,Shakambarinagar,,111.38,2025-07-01,3775.0,7,113.19858
179,Shakambarinagar,,112.08,2025-08-01,3776.0,8,111.38
179,Shakambarinagar,,112.0,2025-09-01,3777.0,9,112.08
179,Shakambarinagar,,110.32,2025-10-01,3777.0,10,112.0
179,Shakambarinagar,,108.77,2025-11-01,3778.0,11,110.32
179,Shakambarinagar,,107.5,2025-12-01,3779.0,12,108.77
74,Shakthiganapathi nagar,6104.0,164.24,2025-04-01,6108.0,4,
74,Shakthiganapathi nagar,6105.0,163.552597,2025-05-01,6108.0,5,164.24
74,Shakthiganapathi nagar,6108.0,161.789599,2025-06-01,6108.0,6,163.552597
74,Shakthiganapathi nagar,,155.92,2025-07-01,6108.0,7,161.789599
74,Shakthiganapathi nagar,,154.73,2025-08-01,6108.0,8,155.92
74,Shakthiganapathi nagar,,154.05,2025-09-01,6108.0,9,154.73
74,Shakthiganapathi nagar,,159.3,2025-10-01,6108.0,10,154.05
74,Shakthiganapathi nagar,,149.28,2025-11-01,6108.0,11,159.3
74,Shakthiganapathi nagar,,150.51,2025-12-01,6108.0,12,149.28
75,Shankaramata,5201.0,159.44,2025-04-01,5213.0,4,
75,Shankaramata,5202.0,151.333702,2025-05-01,5213.0,5,159.44
75,Shankaramata,5206.0,148.415701,2025-06-01,5213.0,6,151.333702
75,Shankaramata,,148.22,2025-07-01,5210.0,7,148.415701
75,Shankaramata,,146.31,2025-08-01,5211.0,8,148.22
75,Shankaramata,,147.15,2025-09-01,5213.0,9,146.31
75,Shankaramata,,143.88,2025-10-01,5213.0,10,147.15
75,Shankaramata,,142.96,2025-11-01,5215.0,11,143.88
75,Shankaramata,,140.99,2025-12-01,5215.0,12,142.96
111,Shanthala Nagar,3773.0,241.22,2025-04-01,3776.5,4,
111,Shanthala Nagar,3775.0,232.39305,2025-05-01,3776.5,5,241.22
111,Shanthala Nagar,3775.0,234.345048,2025-06-01,3776.5,6,232.39305
111,Shanthala Nagar,,229.13,2025-07-01,3776.0,7,234.345048
111,Shanthala Nagar,,223.37,2025-08-01,3777.0,8,229.13
111,Shanthala Nagar,,222.78,2025-09-01,3777.0,9,223.37
111,Shanthala Nagar,,228.57,2025-10-01,3777.0,10,222.78
111,Shanthala Nagar,,217.22,2025-11-01,3776.0,11,228.57
111,Shanthala Nagar,,224.88,2025-12-01,3776.0,12,217.22
117,Shanthinagar,6204.0,257.64,2025-04-01,6212.5,4,
117,Shanthinagar,6207.0,254.725243,2025-05-01,6212.5,5,257.64
117,Shanthinagar,6210.0,246.346237,2025-06-01,6212.5,6,254.725243
117,Shanthinagar,,242.18,2025-07-01,6211.0,7,246.346237
117,Shanthinagar,,247.99,2025-08-01,6212.0,8,242.18
117,Shanthinagar,,246.08,2025-09-01,6215.0,9,247.99
117,Shanthinagar,,247.87,2025-10-01,6215.0,10,246.08
117,Shanthinagar,,241.49,2025-11-01,6212.0,11,247.87
117,Shanthinagar,,246.62,2025-12-01,6213.0,12,241.49
12,Shettyhalli,6599.0,129.36,2025-04-01,8834.5,4,
12,Shettyhalli,6941.0,141.255896,2025-05-01,8834.5,5,129.36
12,Shettyhalli,7363.0,140.510895,2025-06-01,8834.5,6,141.255896
12,Shettyhalli,,135.78,2025-07-01,7795.0,7,140.510895
12,Shettyhalli,,136.85,2025-08-01,8074.0,8,135.78
12,Shettyhalli,,129.82,2025-09-01,8461.0,9,136.85
12,Shettyhalli,,140.35,2025-10-01,9208.0,10,129.82
12,Shettyhalli,,141.98,2025-11-01,9476.0,11,140.35
12,Shettyhalli,,149.56,2025-12-01,10004.0,12,141.98
92,Shivajinagar,5116.0,193.68,2025-04-01,5148.5,4,
92,Shivajinagar,5127.0,210.734564,2025-05-01,5148.5,5,193.68
92,Shivajinagar,5135.0,208.052563,2025-06-01,5148.5,6,210.734564
92,Shivajinagar,,207.26,2025-07-01,5146.0,7,208.052563
92,Shivajinagar,,203.15,2025-08-01,5147.0,8,207.26
92,Shivajinagar,,212.2,2025-09-01,5148.0,9,203.15
92,Shivajinagar,,213.08,2025-10-01,5149.0,10,212.2
92,Shivajinagar,,207.9,2025-11-01,5159.0,11,213.08
92,Shivajinagar,,210.98,2025-12-01,5159.0,12,207.9
107,Shivanagar,2453.0,92.23,2025-04-01,2454.0,4,
107,Shivanagar,2453.0,85.293681,2025-05-01,2454.0,5,92.23
107,Shivanagar,2454.0,88.380684,2025-06-01,2454.0,6,85.293681
107,Shivanagar,,88.36,2025-07-01,2454.0,7,88.380684
107,Shivanagar,,85.74,2025-08-01,2456.0,8,88.36
107,Shivanagar,,91.37,2025-09-01,2454.0,9,85.74
107,Shivanagar,,86.86,2025-10-01,2454.0,10,91.37
107,Shivanagar,,90.7,2025-11-01,2454.0,11,86.86
107,Shivanagar,,84.9,2025-12-01,2455.0,12,90.7
144,Siddapura,4541.0,121.53,2025-04-01,4485.5,4,
144,Siddapura,4482.0,123.53897,2025-05-01,4485.5,5,121.53
144,Siddapura,4483.0,127.001971,2025-06-01,4485.5,6,123.53897
144,Siddapura,,124.59,2025-07-01,4485.0,7,127.001971
144,Siddapura,,122.14,2025-08-01,4483.0,8,124.59
144,Siddapura,,118.62,2025-09-01,4485.0,9,122.14
144,Siddapura,,123.38,2025-10-01,4486.0,10,118.62
144,Siddapura,,115.84,2025-11-01,4487.0,11,123.38
144,Siddapura,,117.06,2025-12-01,4488.0,12,115.84
191,Singasandra,3301.0,134.07,2025-04-01,4194.0,4,
191,Singasandra,3366.0,130.493976,2025-05-01,4194.0,5,134.07
191,Singasandra,3620.0,135.718974,2025-06-01,4194.0,6,130.493976
191,Singasandra,,156.29,2025-07-01,3845.0,7,135.718974
191,Singasandra,,159.62,2025-08-01,3960.0,8,156.29
191,Singasandra,,161.38,2025-09-01,4133.0,9,159.62
191,Singasandra,,153.21,2025-10-01,4255.0,10,161.38
191,Singasandra,,157.84,2025-11-01,4302.0,11,153.21
191,Singasandra,,163.16,2025-12-01,4380.0,12,157.84
191,Singsandra,900.0,36.5,2025-04-01,1081.5,4,
191,Singsandra,906.0,35.801957,2025-05-01,1081.5,5,36.5
191,Singsandra,952.0,38.057957,2025-06-01,1081.5,6,35.801957
191,Singsandra,,36.54,2025-07-01,953.0,7,38.057957
191,Singsandra,,42.89,2025-08-01,1008.0,8,36.54
191,Singsandra,,45.49,2025-09-01,1074.0,9,42.89
191,Singsandra,,42.01,2025-10-01,1089.0,10,45.49
191,Singsandra,,43.13,2025-11-01,1103.0,11,42.01
191,Singsandra,,41.95,2025-12-01,1114.0,12,43.13
156,Srinagar,5661.0,148.58,2025-04-01,5682.5,4,
156,Srinagar,5669.0,150.041763,2025-05-01,5682.5,5,148.58
156,Srinagar,5672.0,143.67676,2025-06-01,5682.5,6,150.041763
156,Srinagar,,141.8,2025-07-01,5673.0,7,143.67676
156,Srinagar,,139.85,2025-08-01,5680.0,8,141.8
156,Srinagar,,137.67,2025-09-01,5682.0,9,139.85
156,Srinagar,,142.21,2025-10-01,5683.0,10,137.67
156,Srinagar,,137.87,2025-11-01,5687.0,11,142.21
156,Srinagar,,133.58,2025-12-01,5688.0,12,137.87
108,Srirammandira ward,4675.0,125.64,2025-04-01,4679.0,4,
108,Srirammandira ward,4674.0,119.781149,2025-05-01,4679.0,5,125.64
108,Srirammandira ward,4675.0,118.221152,2025-06-01,4679.0,6,119.781149
108,Srirammandira ward,,113.48,2025-07-01,4677.0,7,118.221152
108,Srirammandira ward,,116.34,2025-08-01,4676.0,8,113.48
108,Srirammandira ward,,120.23,2025-09-01,4679.0,9,116.34
108,Srirammandira ward,,117.28,2025-10-01,4679.0,10,120.23
108,Srirammandira ward,,119.32,2025-11-01,4679.0,11,117.28
108,Srirammandira ward,,116.45,2025-12-01,4679.0,12,119.32
95,Subhashnagar,3090.0,61.12,2025-04-01,3091.0,4,
95,Subhashnagar,3091.0,58.777722,2025-05-01,3091.0,5,61.12
95,Subhashnagar,3091.0,59.783722,2025-06-01,3091.0,6,58.777722
95,Subhashnagar,,60.53,2025-07-01,3091.0,7,59.783722
95,Subhashnagar,,59.72,2025-08-01,3091.0,8,60.53
95,Subhashnagar,,62.17,2025-09-01,3091.0,9,59.72
95,Subhashnagar,,60.82,2025-10-01,3091.0,10,62.17
95,Subhashnagar,,60.72,2025-11-01,3090.0,11,60.82
95,Subhashnagar,,64.61,2025-12-01,3090.0,12,60.72
66,Subramanyanagar,4279.0,131.37,2025-04-01,4286.0,4,
66,Subramanyanagar,4280.0,128.363623,2025-05-01,4286.0,5,131.37
66,Subramanyanagar,4280.0,121.23062,2025-06-01,4286.0,6,128.363623
66,Subramanyanagar,,122.24,2025-07-01,4280.0,7,121.23062
66,Subramanyanagar,,128.47,2025-08-01,4282.0,8,122.24
66,Subramanyanagar,,119.06,2025-09-01,4286.0,9,128.47
66,Subramanyanagar,,124.54,2025-10-01,4286.0,10,119.06
66,Subramanyanagar,,112.37,2025-11-01,4287.0,11,124.54
66,Subramanyanagar,,117.45,2025-12-01,4288.0,12,112.37
118,Sudamnagar,5136.0,99.74,2025-04-01,5143.0,4,
118,Sudamnagar,5143.0,97.420952,2025-05-01,5143.0,5,99.74
118,Sudamnagar,5143.0,102.94595,2025-06-01,5143.0,6,97.420952
118,Sudamnagar,,100.95,2025-07-01,5142.0,7,102.94595
118,Sudamnagar,,98.22,2025-08-01,5143.0,8,100.95
118,Sudamnagar,,97.94,2025-09-01,5143.0,9,98.22
118,Sudamnagar,,99.45,2025-10-01,5143.0,10,97.94
118,Sudamnagar,,96.38,2025-11-01,5145.0,11,99.45
118,Sudamnagar,,101.25,2025-12-01,5146.0,12,96.38
152,Sudduguntepalya,4054.0,153.16,2025-04-01,4078.0,4,
152,Sudduguntepalya,4065.0,150.231599,2025-05-01,4078.0,5,153.16
152,Sudduguntepalya,4073.0,144.292601,2025-06-01,4078.0,6,150.231599
152,Sudduguntepalya,,148.29,2025-07-01,4074.0,7,144.292601
152,Sudduguntepalya,,152.55,2025-08-01,4076.0,8,148.29
152,Sudduguntepalya,,150.96,2025-09-01,4078.0,9,152.55
152,Sudduguntepalya,,146.26,2025-10-01,4081.0,10,150.96
152,Sudduguntepalya,,152.69,2025-11-01,4078.0,11,146.26
152,Sudduguntepalya,,151.24,2025-12-01,4083.0,12,152.69
142,Sunkenahalli,2843.0,66.38,2025-04-01,2895.5,4,
142,Sunkenahalli,2892.0,65.56778,2025-05-01,2895.5,5,66.38
142,Sunkenahalli,2893.0,66.158773,2025-06-01,2895.5,6,65.56778
142,Sunkenahalli,,63.28,2025-07-01,2891.0,7,66.158773
142,Sunkenahalli,,65.28,2025-08-01,2892.0,8,63.28
142,Sunkenahalli,,64.51,2025-09-01,2896.0,9,65.28
142,Sunkenahalli,,67.79,2025-10-01,2895.0,10,64.51
142,Sunkenahalli,,64.34,2025-11-01,2898.0,11,67.79
142,Sunkenahalli,,63.59,2025-12-01,2898.0,12,64.34
15,T. Dasarahalli,4558.0,172.25,2025-04-01,4586.5,4,
15,T. Dasarahalli,4563.0,154.369729,2025-05-01,4586.5,5,172.25
15,T. Dasarahalli,4567.0,145.757728,2025-06-01,4586.5,6,154.369729
15,T. Dasarahalli,,149.83,2025-07-01,4573.0,7,145.757728
15,T. Dasarahalli,,145.97,2025-08-01,4582.0,8,149.83
15,T. Dasarahalli,,138.49,2025-09-01,4585.0,9,145.97
15,T. Dasarahalli,,145.33,2025-10-01,4588.0,10,138.49
15,T. Dasarahalli,,137.09,2025-11-01,4591.0,11,145.33
15,T. Dasarahalli,,139.27,2025-12-01,4591.0,12,137.09
6,Thanisandra,2739.0,56.83,2025-04-01,4107.0,4,
6,Thanisandra,3254.0,58.276968,2025-05-01,4107.0,5,56.83
6,Thanisandra,3568.0,53.430968,2025-06-01,4107.0,6,58.276968
6,Thanisandra,,59.43,2025-07-01,3696.0,7,53.430968
6,Thanisandra,,53.84,2025-08-01,3715.0,8,59.43
6,Thanisandra,,65.66,2025-09-01,3984.0,9,53.84
6,Thanisandra,,64.86,2025-10-01,4230.0,10,65.66
6,Thanisandra,,73.42,2025-11-01,4276.0,11,64.86
6,Thanisandra,,71.77,2025-12-01,4468.0,12,73.42
130,Ullalu,8778.0,201.38,2025-04-01,9210.5,4,
130,Ullalu,8861.0,193.780847,2025-05-01,9210.5,5,201.38
130,Ullalu,9012.0,193.315846,2025-06-01,9210.5,6,193.780847
130,Ullalu,,197.33,2025-07-01,9051.0,7,193.315846
130,Ullalu,,193.71,2025-08-01,9090.0,8,197.33
130,Ullalu,,197.49,2025-09-01,9172.0,9,193.71
130,Ullalu,,195.79,2025-10-01,9249.0,10,197.49
130,Ullalu,,195.59,2025-11-01,9262.0,11,195.79
130,Ullalu,,188.31,2025-12-01,9347.0,12,195.59
90,Ulsoor,5595.0,333.61,2025-04-01,5614.0,4,
90,Ulsoor,5602.0,334.134066,2025-05-01,5614.0,5,333.61
90,Ulsoor,5605.0,327.026064,2025-06-01,5614.0,6,334.134066
90,Ulsoor,,333.52,2025-07-01,5602.0,7,327.026064
90,Ulsoor,,334.22,2025-08-01,5606.0,8,333.52
90,Ulsoor,,315.13,2025-09-01,5613.0,9,334.22
90,Ulsoor,,307.55,2025-10-01,5615.0,10,315.13
90,Ulsoor,,312.77,2025-11-01,5615.0,11,307.55
90,Ulsoor,,306.77,2025-12-01,5615.0,12,312.77
184,Uttarahalli,8753.0,343.42,2025-04-01,9407.0,4,
184,Uttarahalli,9027.0,319.669838,2025-05-01,9407.0,5,343.42
184,Uttarahalli,9119.0,327.472837,2025-06-01,9407.0,6,319.669838
184,Uttarahalli,,310.0,2025-07-01,9199.0,7,327.472837
184,Uttarahalli,,302.36,2025-08-01,9278.0,8,310.0
184,Uttarahalli,,300.18,2025-09-01,9385.0,9,302.36
184,Uttarahalli,,301.99,2025-10-01,9429.0,10,300.18
184,Uttarahalli,,307.05,2025-11-01,9449.0,11,301.99
184,Uttarahalli,,299.06,2025-12-01,9541.0,12,307.05
115,Vannarpet,5169.0,111.0,2025-04-01,5171.0,4,
115,Vannarpet,5170.0,108.132011,2025-05-01,5171.0,5,111.0
115,Vannarpet,5170.0,108.512011,2025-06-01,5171.0,6,108.132011
115,Vannarpet,,107.23,2025-07-01,5172.0,7,108.512011
115,Vannarpet,,105.45,2025-08-01,5171.0,8,107.23
115,Vannarpet,,108.79,2025-09-01,5171.0,9,105.45
115,Vannarpet,,108.4,2025-10-01,5171.0,10,108.79
115,Vannarpet,,102.3,2025-11-01,5167.0,11,108.4
115,Vannarpet,,105.54,2025-12-01,5167.0,12,102.3
85,Varthur,708.0,68.36,2025-04-01,2727.5,4,
149,Varthur,3299.0,150.54,2025-04-01,2727.5,4,68.36
85,Varthur,874.0,80.608999,2025-05-01,2727.5,5,150.54
149,Varthur,3304.0,162.719888,2025-05-01,2727.5,5,80.608999
85,Varthur,1000.0,90.128999,2025-06-01,2727.5,6,162.719888
149,Varthur,3304.0,167.414887,2025-06-01,2727.5,6,90.128999
85,Varthur,,84.51,2025-07-01,1081.0,7,167.414887
149,Varthur,,162.36,2025-07-01,3310.0,7,84.51
85,Varthur,,94.25,2025-08-01,1353.0,8,162.36
149,Varthur,,158.68,2025-08-01,3314.0,8,94.25
85,Varthur,,85.34,2025-09-01,1643.0,9,158.68
149,Varthur,,146.47,2025-09-01,3318.0,9,85.34
85,Varthur,,76.14,2025-10-01,1958.0,10,146.47
149,Varthur,,149.21,2025-10-01,3304.0,10,76.14
85,Varthur,,71.1,2025-11-01,1998.0,11,149.21
149,Varthur,,147.6,2025-11-01,3327.0,11,71.1
85,Varthur,,92.63,2025-12-01,2151.0,12,147.6
149,Varthur,,148.03,2025-12-01,3327.0,12,92.63
197,Vasanthapura,4342.0,167.12,2025-04-01,4284.0,4,
197,Vasanthapura,4341.0,151.926934,2025-05-01,4284.0,5,167.12
197,Vasanthapura,4315.0,153.019933,2025-06-01,4284.0,6,151.926934
197,Vasanthapura,,145.58,2025-07-01,4304.0,7,153.019933
197,Vasanthapura,,142.42,2025-08-01,4303.0,8,145.58
197,Vasanthapura,,136.72,2025-09-01,4269.0,9,142.42
197,Vasanthapura,,137.59,2025-10-01,4268.0,10,136.72
197,Vasanthapura,,133.8,2025-11-01,4266.0,11,137.59
197,Vasanthapura,,134.37,2025-12-01,4299.0,12,133.8
93,Vasanthnagar,3733.0,277.32,2025-04-01,3736.0,4,
93,Vasanthnagar,3732.0,247.833114,2025-05-01,3736.0,5,277.32
93,Vasanthnagar,3732.0,253.786112,2025-06-01,3736.0,6,247.833114
93,Vasanthnagar,,236.53,2025-07-01,3735.0,7,253.786112
93,Vasanthnagar,,263.92,2025-08-01,3736.0,8,236.53
93,Vasanthnagar,,244.68,2025-09-01,3736.0,9,263.92
93,Vasanthnagar,,249.69,2025-10-01,3736.0,10,244.68
93,Vasanthnagar,,263.32,2025-11-01,3738.0,11,249.69
93,Vasanthnagar,,266.29,2025-12-01,3738.0,12,263.32
164,Vidyapeetha Ward,4720.0,111.14,2025-04-01,4758.0,4,
164,Vidyapeetha Ward,4754.0,107.475651,2025-05-01,4758.0,5,111.14
164,Vidyapeetha Ward,4754.0,108.01665,2025-06-01,4758.0,6,107.475651
164,Vidyapeetha Ward,,106.44,2025-07-01,4755.0,7,108.01665
164,Vidyapeetha Ward,,102.94,2025-08-01,4757.0,8,106.44
164,Vidyapeetha Ward,,103.06,2025-09-01,4758.0,9,102.94
164,Vidyapeetha Ward,,103.42,2025-10-01,4758.0,10,103.06
164,Vidyapeetha Ward,,101.79,2025-11-01,4761.0,11,103.42
164,Vidyapeetha Ward,,99.32,2025-12-01,4763.0,12,101.79
9,Vidyaranyapura,12933.0,425.62,2025-04-01,12954.5,4,
9,Vidyaranyapura,12937.0,413.968716,2025-05-01,12954.5,5,425.62
9,Vidyaranyapura,12942.0,413.181715,2025-06-01,12954.5,6,413.968716
9,Vidyaranyapura,,383.3,2025-07-01,12957.0,7,413.181715
9,Vidyaranyapura,,390.23,2025-08-01,12962.0,8,383.3
9,Vidyaranyapura,,390.71,2025-09-01,12951.0,9,390.23
9,Vidyaranyapura,,394.26,2025-10-01,12970.0,10,390.71
9,Vidyaranyapura,,367.94,2025-11-01,12945.0,11,394.26
9,Vidyaranyapura,,279.54,2025-12-01,12952.0,12,367.94
81,Vignananagar,6961.0,203.26,2025-04-01,7094.5,4,
81,Vignananagar,7006.0,196.452815,2025-05-01,7094.5,5,203.26
81,Vignananagar,7018.0,199.512806,2025-06-01,7094.5,6,196.452815
81,Vignananagar,,203.49,2025-07-01,7047.0,7,199.512806
81,Vignananagar,,190.65,2025-08-01,7071.0,8,203.49
81,Vignananagar,,201.94,2025-09-01,7086.0,9,190.65
81,Vignananagar,,197.95,2025-10-01,7103.0,10,201.94
81,Vignananagar,,197.34,2025-11-01,7125.0,11,197.95
81,Vignananagar,,200.97,2025-12-01,7152.0,12,197.34
123,Vijaynagar,3591.0,94.86,2025-04-01,3627.5,4,
123,Vijaynagar,3594.0,91.408822,2025-05-01,3627.5,5,94.86
123,Vijaynagar,3600.0,93.564817,2025-06-01,3627.5,6,91.408822
123,Vijaynagar,,82.15,2025-07-01,3605.0,7,93.564817
123,Vijaynagar,,90.32,2025-08-01,3616.0,8,82.15
123,Vijaynagar,,87.94,2025-09-01,3626.0,9,90.32
123,Vijaynagar,,87.94,2025-10-01,3629.0,10,87.94
123,Vijaynagar,,83.83,2025-11-01,3635.0,11,87.94
123,Vijaynagar,,84.97,2025-12-01,3635.0,12,83.83
51,Vijinapura,6164.0,130.3,2025-04-01,6290.5,4,
51,Vijinapura,6182.0,133.152879,2025-05-01,6290.5,5,130.3
51,Vijinapura,6196.0,129.934883,2025-06-01,6290.5,6,133.152879
51,Vijinapura,,126.7,2025-07-01,6213.0,7,129.934883
51,Vijinapura,,129.81,2025-08-01,6269.0,8,126.7
51,Vijinapura,,128.57,2025-09-01,6282.0,9,129.81
51,Vijinapura,,128.08,2025-10-01,6299.0,10,128.57
51,Vijinapura,,120.74,2025-11-01,6311.0,11,128.08
51,Vijinapura,,125.4,2025-12-01,6321.0,12,120.74
22,VishwanathNagenahalli,3273.0,85.78,2025-04-01,3287.0,4,
22,VishwanathNagenahalli,3273.0,81.647843,2025-05-01,3287.0,5,85.78
22,VishwanathNagenahalli,3277.0,79.76684,2025-06-01,3287.0,6,81.647843
22,VishwanathNagenahalli,,76.35,2025-07-01,3278.0,7,79.76684
22,VishwanathNagenahalli,,75.76,2025-08-01,3283.0,8,76.35
22,VishwanathNagenahalli,,78.15,2025-09-01,3287.0,9,75.76
22,VishwanathNagenahalli,,77.88,2025-10-01,3287.0,10,78.15
22,VishwanathNagenahalli,,77.11,2025-11-01,3288.0,11,77.88
22,VishwanathNagenahalli,,74.27,2025-12-01,3289.0,12,77.11
143,Vishweshrapuram,4751.0,119.44,2025-04-01,4739.0,4,
143,Vishweshrapuram,4731.0,118.150168,2025-05-01,4739.0,5,119.44
143,Vishweshrapuram,4732.0,122.120172,2025-06-01,4739.0,6,118.150168
143,Vishweshrapuram,,115.49,2025-07-01,4735.0,7,122.120172
143,Vishweshrapuram,,112.48,2025-08-01,4735.0,8,115.49
143,Vishweshrapuram,,114.14,2025-09-01,4738.0,9,112.48
143,Vishweshrapuram,,116.29,2025-10-01,4740.0,10,114.14
143,Vishweshrapuram,,112.34,2025-11-01,4742.0,11,116.29
143,Vishweshrapuram,,112.91,2025-12-01,4745.0,12,112.34
102,Vrushabhavathi Nagar,4170.0,108.23,2025-04-01,4175.0,4,
102,Vrushabhavathi Nagar,4170.0,109.047777,2025-05-01,4175.0,5,108.23
102,Vrushabhavathi Nagar,4171.0,99.551777,2025-06-01,4175.0,6,109.047777
102,Vrushabhavathi Nagar,,94.63,2025-07-01,4173.0,7,99.551777
102,Vrushabhavathi Nagar,,98.63,2025-08-01,4175.0,8,94.63
102,Vrushabhavathi Nagar,,94.52,2025-09-01,4175.0,9,98.63
102,Vrushabhavathi Nagar,,96.29,2025-10-01,4175.0,10,94.52
102,Vrushabhavathi Nagar,,92.53,2025-11-01,4175.0,11,96.29
102,Vrushabhavathi Nagar,,92.75,2025-12-01,4175.0,12,92.53
167,Yadiyuru,4386.0,111.26,2025-04-01,4412.0,4,
167,Yadiyuru,4395.0,110.009544,2025-05-01,4412.0,5,111.26
167,Yadiyuru,4395.0,108.17055,2025-06-01,4412.0,6,110.009544
167,Yadiyuru,,104.46,2025-07-01,4402.0,7,108.17055
167,Yadiyuru,,108.25,2025-08-01,4406.0,8,104.46
167,Yadiyuru,,104.5,2025-09-01,4412.0,9,108.25
167,Yadiyuru,,104.9,2025-10-01,4412.0,10,104.5
167,Yadiyuru,,104.71,2025-11-01,4415.0,11,104.9
167,Yadiyuru,,101.02,2025-12-01,4415.0,12,104.71
185,Yelachenahalli,6254.0,193.81,2025-04-01,6897.0,4,
185,Yelachenahalli,6472.0,190.473755,2025-05-01,6897.0,5,193.81
185,Yelachenahalli,6523.0,198.628751,2025-06-01,6897.0,6,190.473755
185,Yelachenahalli,,194.72,2025-07-01,6626.0,7,198.628751
185,Yelachenahalli,,183.62,2025-08-01,6759.0,8,194.72
185,Yelachenahalli,,183.37,2025-09-01,6872.0,9,183.62
185,Yelachenahalli,,180.12,2025-10-01,6922.0,10,183.37
185,Yelachenahalli,,178.4,2025-11-01,6928.0,11,180.12
185,Yelachenahalli,,180.24,2025-12-01,7004.0,12,178.4
4,Yelahanka Satellite town,7710.0,415.53,2025-04-01,7775.0,4,
4,Yelahanka Satellite town,7738.0,394.049364,2025-05-01,7775.0,5,415.53
4,Yelahanka Satellite town,7741.0,405.676363,2025-06-01,7775.0,6,394.049364
4,Yelahanka Satellite town,,373.52,2025-07-01,7744.0,7,405.676363
4,Yelahanka Satellite town,,390.73,2025-08-01,7750.0,8,373.52
4,Yelahanka Satellite town,,388.3,2025-09-01,7775.0,9,390.73
4,Yelahanka Satellite town,,373.94,2025-10-01,7775.0,10,388.3
4,Yelahanka Satellite town,,390.07,2025-11-01,7786.0,11,373.94
4,Yelahanka Satellite town,,368.82,2025-12-01,7790.0,12,390.07
37,Yeshwanthpur,3184.0,66.86,2025-04-01,3218.0,4,
37,Yeshwanthpur,3203.0,62.124588,2025-05-01,3218.0,5,66.86
37,Yeshwanthpur,3208.0,61.783584,2025-06-01,3218.0,6,62.124588
37,Yeshwanthpur,,61.95,2025-07-01,3212.0,7,61.783584
37,Yeshwanthpur,,60.53,2025-08-01,3215.0,8,61.95
37,Yeshwanthpur,,61.0,2025-09-01,3218.0,9,60.53
37,Yeshwanthpur,,62.63,2025-10-01,3218.0,10,61.0
37,Yeshwanthpur,,58.84,2025-11-01,3219.0,11,62.63
37,Yeshwanthpur,,59.42,2025-12-01,3220.0,12,58.84
72,herohalli,10449.0,211.033904,2025-05-01,11091.0,5,
72,herohalli,10672.0,206.230903,2025-06-01,11091.0,6,211.033904
72,herohalli,,203.81,2025-07-01,10841.0,7,206.230903
72,herohalli,,209.7,2025-08-01,10947.0,8,203.81
72,herohalli,,223.1,2025-09-01,11017.0,9,209.7
72,herohalli,,214.73,2025-10-01,11165.0,10,223.1
72,herohalli,,225.26,2025-11-01,11257.0,11,214.73
72,herohalli,,219.5,2025-12-01,11425.0,12,225.26
14,sidedahalli,1447.0,30.21,2025-04-01,1594.5,4,
14,sidedahalli,1484.0,35.449991,2025-05-01,1594.5,5,30.21
14,sidedahalli,1530.0,40.214991,2025-06-01,1594.5,6,35.449991
14,sidedahalli,,38.3,2025-07-01,1556.0,7,40.214991
14,sidedahalli,,40.96,2025-08-01,1569.0,8,38.3
14,sidedahalli,,43.47,2025-09-01,1586.0,9,40.96
14,sidedahalli,,40.39,2025-10-01,1603.0,10,43.47
14,sidedahalli,,47.53,2025-11-01,1611.0,11,40.39
14,sidedahalli,,37.82,2025-12-01,1623.0,12,47.53
